canonical_smiles,ic50_nM,pIC50,n_records,pIC50_std
CCC(C)[C@@H](CO)NC(=O)Cc1c(C)n(C(=O)c2ccc(Cl)cc2)c2ccc(OC)cc12,110.0,6.958607314841775,1,
CC[C@@H](C)NC(=O)Cc1c(C)n(C(=O)c2ccc(Cl)cc2)c2ccc(OC)cc12,130.0,6.886056647693163,1,
CC[C@@H](CO)NC(=O)Cc1c(C)n(C(=O)c2ccc(Cl)cc2)c2ccc(OC)cc12,280.0,6.552841968657781,1,
CC[C@H](C)NC(=O)Cc1c(C)n(C(=O)c2ccc(Cl)cc2)c2ccc(OC)cc12,110.0,6.958607314841775,1,
CC[C@H](CO)NC(=O)Cc1c(C)n(C(=O)c2ccc(Cl)cc2)c2ccc(OC)cc12,100.0,7.0,1,
COC[C@@H](C)NC(=O)Cc1c(C)n(C(=O)c2ccc(Cl)cc2)c2ccc(OC)cc12,140.0,6.853871964321762,1,
COC[C@H](C)NC(=O)Cc1c(C)n(C(=O)c2ccc(Cl)cc2)c2ccc(OC)cc12,240.0,6.619788758288394,1,
COc1ccc(-c2cc(COC(=O)COc3cc(O)c4c(=O)cc(-c5ccccc5)oc4c3)nn2-c2ccc(C)cc2)cc1,230.0,6.638272163982407,1,
COc1ccc(-c2cc(COC(=O)COc3cc(O)c4c(=O)cc(-c5ccccc5)oc4c3)nn2-c2ccc(Cl)cc2)cc1,350.0,6.455931955649724,1,
COc1ccc(-c2cc(COC(=O)COc3cc(O)c4c(=O)cc(-c5ccccc5)oc4c3)nn2-c2ccccc2)cc1,540.0,6.267606240177031,1,
COc1ccc2c(c1)c(CC(=O)NC(C)(C)CO)c(C)n2C(=O)c1ccc(Cl)cc1,190.0,6.721246399047171,1,
COc1ccc2c(c1)c(CC(=O)NCCCCCCO)c(C)n2C(=O)c1ccc(Cl)cc1,210.0,6.6777807052660805,1,
COc1ccc2c(c1)c(CC(=O)NCCCCCO)c(C)n2C(=O)c1ccc(Cl)cc1,290.0,6.537602002101044,1,
COc1ccc2c(c1)c(CC(=O)NC[C@@H](C)O)c(C)n2C(=O)c1ccc(Cl)cc1,330.0,6.481486060122112,1,
COc1ccc2c(c1)c(CC(=O)NC[C@@H](O)c1ccccc1)c(C)n2C(=O)c1ccc(Cl)cc1,47.0,7.327902142064282,1,
COc1ccc2c(c1)c(CC(=O)NC[C@H](C)O)c(C)n2C(=O)c1ccc(Cl)cc1,320.0,6.494850021680094,1,
COc1ccc2c(c1)c(CC(=O)NC[C@H](O)c1ccccc1)c(C)n2C(=O)c1ccc(Cl)cc1,210.0,6.6777807052660805,1,
COc1ccc2c(c1)c(CC(=O)NN1CCC[C@@H]1CO)c(C)n2C(=O)c1ccc(Cl)cc1,1700.0,5.769551078621726,1,
COc1ccc2c(c1)c(CC(=O)NN1CCC[C@H]1CO)c(C)n2C(=O)c1ccc(Cl)cc1,1800.0,5.7447274948966935,1,
COc1ccc2c(c1)c(CC(=O)N[C@@H](C)CO)c(C)n2C(=O)c1ccc(Cl)cc1,270.0,6.568636235841012,1,
COc1ccc2c(c1)c(CC(=O)N[C@@H](CO)C(C)C)c(C)n2C(=O)c1ccc(Cl)cc1,110.0,6.958607314841775,1,
COc1ccc2c(c1)c(CC(=O)N[C@@H](CO)CC(C)C)c(C)n2C(=O)c1ccc(Cl)cc1,500.0,6.301029995663981,1,
COc1ccc2c(c1)c(CC(=O)N[C@@H](CO)CCSC)c(C)n2C(=O)c1ccc(Cl)cc1,250.0,6.6020599913279625,1,
COc1ccc2c(c1)c(CC(=O)N[C@@H](CO)Cc1ccccc1)c(C)n2C(=O)c1ccc(Cl)cc1,220.0,6.657577319177793,1,
COc1ccc2c(c1)c(CC(=O)N[C@@H](CO)c1ccccc1)c(C)n2C(=O)c1ccc(Cl)cc1,440.0,6.356547323513812,1,
COc1ccc2c(c1)c(CC(=O)N[C@H](C)CO)c(C)n2C(=O)c1ccc(Cl)cc1,170.0,6.769551078621726,1,
COc1ccc2c(c1)c(CC(=O)N[C@H](CO)C(C)C)c(C)n2C(=O)c1ccc(Cl)cc1,370.0,6.431798275933005,1,
COc1ccc2c(c1)c(CC(=O)N[C@H](CO)CC(C)C)c(C)n2C(=O)c1ccc(Cl)cc1,170.0,6.769551078621726,1,
COc1ccc2c(c1)c(CC(=O)N[C@H](CO)CCSC)c(C)n2C(=O)c1ccc(Cl)cc1,1000.0,6.0,1,
COc1ccc2c(c1)c(CC(=O)N[C@H](CO)Cc1ccccc1)c(C)n2C(=O)c1ccc(Cl)cc1,85.0,7.070581074285707,1,
COc1ccc2c(c1)c(CC(=O)N[C@H](CO)c1ccccc1)c(C)n2C(=O)c1ccc(Cl)cc1,85.0,7.070581074285707,1,
COc1cccc(-c2cc(COC(=O)COc3cc(O)c4c(=O)cc(-c5ccccc5)oc4c3)nn2-c2ccccc2)c1,1210.0,5.917214629683549,1,
Cc1ccc(-c2cc(COC(=O)COc3cc(O)c4c(=O)cc(-c5ccccc5)oc4c3)nn2-c2ccc(C)cc2)cc1,420.0,6.376750709602099,1,
Cc1ccc(-c2cc(COC(=O)COc3cc(O)c4c(=O)cc(-c5ccccc5)oc4c3)nn2-c2ccc(Cl)cc2)cc1,1440.0,5.84163750790475,1,
Cc1ccc(-c2cc(COC(=O)COc3cc(O)c4c(=O)cc(-c5ccccc5)oc4c3)nn2-c2ccccc2)cc1,930.0,6.031517051446064,1,
Cc1ccc(-n2nc(COC(=O)COc3cc(O)c4c(=O)cc(-c5ccccc5)oc4c3)cc2-c2ccc(Br)cc2)cc1,1080.0,5.96657624451305,1,
Cc1ccc(-n2nc(COC(=O)COc3cc(O)c4c(=O)cc(-c5ccccc5)oc4c3)cc2-c2ccc(C(F)(F)F)cc2)cc1,5020.0,5.29929628285498,1,
Cc1ccc(-n2nc(COC(=O)COc3cc(O)c4c(=O)cc(-c5ccccc5)oc4c3)cc2-c2ccc(Cl)c(Cl)c2)cc1,5020.0,5.29929628285498,1,
Cc1ccc(-n2nc(COC(=O)COc3cc(O)c4c(=O)cc(-c5ccccc5)oc4c3)cc2-c2ccc(Cl)cc2)cc1,2120.0,5.673664139071249,1,
Cc1ccc(-n2nc(COC(=O)COc3cc(O)c4c(=O)cc(-c5ccccc5)oc4c3)cc2-c2ccc(F)cc2)cc1,2840.0,5.546681659952963,1,
Cc1ccc(-n2nc(COC(=O)COc3cc(O)c4c(=O)cc(-c5ccccc5)oc4c3)cc2-c2ccc([N+](=O)[O-])cc2)cc1,1390.0,5.856985199745905,1,
Cc1ccc(-n2nc(COC(=O)COc3cc(O)c4c(=O)cc(-c5ccccc5)oc4c3)cc2-c2cccc(C)c2)cc1,1190.0,5.924453038607469,1,
Cc1ccc(-n2nc(COC(=O)COc3cc(O)c4c(=O)cc(-c5ccccc5)oc4c3)cc2-c2cccc(Cl)c2)cc1,4800.0,5.318758762624412,1,
Cc1cccc(-c2cc(COC(=O)COc3cc(O)c4c(=O)cc(-c5ccccc5)oc4c3)nn2-c2ccc(Cl)cc2)c1,1770.0,5.752026733638193,1,
Cc1cccc(-c2cc(COC(=O)COc3cc(O)c4c(=O)cc(-c5ccccc5)oc4c3)nn2-c2ccccc2)c1,1360.0,5.866461091629782,1,
O=C(COc1cc(O)c2c(=O)cc(-c3ccccc3)oc2c1)OCc1cc(-c2ccc(Br)cc2)n(-c2ccccc2)n1,2120.0,5.673664139071249,1,
O=C(COc1cc(O)c2c(=O)cc(-c3ccccc3)oc2c1)OCc1cc(-c2ccc(C(F)(F)F)cc2)n(-c2ccccc2)n1,4330.0,5.363512103646634,1,
O=C(COc1cc(O)c2c(=O)cc(-c3ccccc3)oc2c1)OCc1cc(-c2ccc(Cl)c(Cl)c2)n(-c2ccc(Cl)cc2)n1,8580.0,5.066512712151295,1,
O=C(COc1cc(O)c2c(=O)cc(-c3ccccc3)oc2c1)OCc1cc(-c2ccc(Cl)c(Cl)c2)n(-c2ccccc2)n1,6830.0,5.165579296318468,1,
O=C(COc1cc(O)c2c(=O)cc(-c3ccccc3)oc2c1)OCc1cc(-c2ccc(Cl)cc2)n(-c2ccccc2)n1,1410.0,5.85078088734462,1,
O=C(COc1cc(O)c2c(=O)cc(-c3ccccc3)oc2c1)OCc1cc(-c2ccc(F)cc2)n(-c2ccccc2)n1,2540.0,5.5951662833800615,1,
O=C(COc1cc(O)c2c(=O)cc(-c3ccccc3)oc2c1)OCc1cc(-c2ccc([N+](=O)[O-])cc2)n(-c2ccccc2)n1,1660.0,5.779891911959945,1,
O=C(COc1cc(O)c2c(=O)cc(-c3ccccc3)oc2c1)OCc1cc(-c2cccc(C(F)(F)F)c2)n(-c2ccccc2)n1,4790.0,5.319664486585436,1,
O=C(COc1cc(O)c2c(=O)cc(-c3ccccc3)oc2c1)OCc1cc(-c2cccc(Cl)c2)n(-c2ccc(Cl)cc2)n1,422.0,6.374687549038326,1,
O=C(COc1cc(O)c2c(=O)cc(-c3ccccc3)oc2c1)OCc1cc(-c2cccc(Cl)c2)n(-c2ccccc2)n1,4430.0,5.3535962737769305,1,
O=C(COc1cc(O)c2c(=O)cc(-c3ccccc3)oc2c1)OCc1cc(-c2cccc(F)c2)n(-c2ccccc2)n1,3530.0,5.452225294612178,1,
O=C(COc1cc(O)c2c(=O)cc(-c3ccccc3)oc2c1)OCc1cc(-c2cccc([N+](=O)[O-])c2)n(-c2ccccc2)n1,5940.0,5.2262135550188065,1,
O=C(COc1cc(O)c2c(=O)cc(-c3ccccc3)oc2c1)OCc1cc(-c2ccccc2)n(-c2ccccc2)n1,2200.0,5.657577319177793,1,
