dataset,pIC50_exp,pIC50_pred
train,5.537602002101044,5.963123765251285
train,5.823908740944319,6.194669661888173
train,6.481486060122112,6.233841361599044
train,6.508638306165727,6.454934502154028
train,6.619788758288394,6.408388906113057
train,6.795880017344075,6.022070241122779
train,6.154901959985743,6.183252051660648
train,8.400007822415901,8.419883073668492
train,8.521435901161594,8.478557852634754
train,6.585026652029182,6.174925748369176
train,6.698970004336019,6.482934620201729
train,8.699513552156626,8.651313646596828
train,6.037157318798758,6.092494472125939
train,7.079981083971085,7.050083632189197
train,3.372736583431779,3.5411323900351834
train,7.220909811139509,7.147571590529096
train,4.376750709602099,4.405756904154394
train,6.180229165473677,6.196801131574855
train,7.251811972993799,7.433027690086861
train,5.040005161671584,4.953804482400701
train,5.605548319173783,5.548709511579232
train,7.537602002101044,8.000549861201591
train,7.045757490560675,7.035799010480273
train,6.337242168318426,6.20163982326336
train,5.962573502059376,5.970153702965729
train,6.508638306165727,6.602072731917945
train,8.036212172654444,7.730166470483647
train,7.585026652029182,7.40885319518681
train,6.301029995663981,6.1556519454013126
train,6.886056647693163,6.841270189280125
train,4.91721462968355,5.354366799282604
train,8.154901959985743,7.627178096787784
train,7.098462725229332,7.014017839914227
train,6.678273661756906,6.544267730729278
train,6.657577319177793,6.611359771407388
train,5.221848749616356,5.4443736038168336
train,6.638272163982407,6.524231187716626
train,8.522878745280337,8.247430082946117
train,6.552841968657781,6.552841968657745
train,8.0,7.6883157676305105
train,7.455931955649724,6.884548840994621
train,7.045757490560675,7.015084240050171
train,6.7447274948966935,6.505529054423632
train,6.552841968657781,6.537504403779138
train,6.122468674143265,5.938614202823264
train,8.154901959985743,7.856406357547219
train,7.106793246940152,7.134959618988383
train,7.397940008672037,7.269750854233668
train,8.39897391554397,8.419883073668492
train,6.301029995663981,5.707007641536927
train,7.4089353929735005,7.085294596309203
train,5.730487055782084,6.103878651113042
train,5.343901797987169,5.685733693328634
train,7.521435901161594,7.515700625958741
train,7.621602099051862,7.25699291562291
train,6.236572006437063,6.037155886231554
train,5.293282217663242,5.334111713380782
train,8.301029995663981,8.327105516092821
train,4.6020599913279625,4.561405707530526
train,7.221848749616356,7.228631330199529
train,6.161150909262744,6.2219883543557515
train,6.657577319177793,6.641570075859508
train,4.638272163982407,4.8349708684759864
train,7.699513552156626,7.412242610102397
train,5.327902142064282,5.502749222067304
train,8.39897391554397,8.091686746272478
train,6.920818753952375,6.923770349117187
train,2.630099999782637,2.79677926081629
train,3.374093660018949,3.400689477363962
train,5.958607314841775,5.456217749680903
train,6.872363747448347,6.527245519803568
train,4.735182176990463,4.910696145944129
train,8.098462725229332,8.003719579060673
train,3.6430185990068686,3.673953898177606
train,7.367542707815276,7.311579592825713
train,6.823908740944319,6.936708891557246
train,6.565090896010336,6.513898684395086
train,9.0,8.938973457270036
train,4.7447274948966935,5.071135596850966
train,4.638272163982407,4.511329277741446
train,6.372634143407268,6.178296482964297
train,6.585026652029182,6.598923273579148
train,6.853871964321762,6.711133792284194
train,5.647817481888637,6.700090532826337
train,7.0,6.926077815361899
train,5.327902142064282,5.264737004997107
train,4.091514981121351,4.5989551744073855
train,7.044312249686494,7.114440463845796
train,5.806938049308891,5.810435946104153
train,6.443848348312034,6.4382606232642905
train,4.896880746454286,5.012025150463232
train,6.823908740944319,6.226380992174393
train,4.8696662315049934,5.613698793615797
train,6.920818753952375,6.784430320357313
train,4.301029995663981,4.458668147556251
train,4.0655015487564325,4.5266669562423765
train,5.7447274948966935,5.851875220246859
train,4.180456064458132,4.708587069753739
train,4.919734372660155,5.011831279665085
train,6.934833115752497,6.7753179180103515
train,6.455931955649724,6.553959825214869
train,2.754299999201596,2.8373983021272435
train,7.397940008672037,7.15699759293901
train,8.22090981113951,8.10327976478955
train,6.568636235841012,6.661944319517014
train,6.7281583934635005,6.947967242001298
train,8.318487413361037,7.5117477661981
train,4.086186147616283,4.303896903808751
train,8.0,7.988130641399178
train,5.709965388637482,5.573068193701736
train,4.567190994966832,4.794551844081256
train,4.698970004336019,5.293269781489605
train,7.522878745280337,7.066239694326634
train,3.096964303211503,3.832202626934675
train,5.962573502059376,6.200748456640179
train,8.327902142064282,7.8677956467724925
train,6.137510833094103,6.154443899694102
train,6.797939075968737,6.208248286957623
train,7.301029995663981,7.271942704528612
train,8.522878745280337,8.057358120301414
train,7.397940008672037,7.148515812608117
train,6.468521082957745,6.79862147190904
train,9.0,7.888377124915768
train,5.427128397799519,5.811549168413979
train,4.0,4.55670655217679
train,8.1249387366083,8.497170671182491
train,7.26440110030182,7.240029855883413
train,6.154901959985743,6.406971133432381
train,5.187086643357144,5.388182297329863
train,7.545757490560675,7.4670890871886195
train,5.001304841688344,5.13136516234736
train,7.0,6.901233221085942
train,7.045757490560675,7.0370395679187565
train,6.790484985457369,7.047866376266512
train,6.494850021680094,6.58918829875361
train,4.329754146925876,4.749084203954574
train,6.552841968657781,6.543233926700259
train,5.492424780623096,5.733041752231971
train,6.301029995663981,5.863563578453646
train,6.327902142064282,6.322692191020761
train,6.105130343254748,6.202591698636925
train,8.850934947117631,9.040994536953793
train,6.620005959834258,6.967234889990344
train,7.291198562418154,7.1214806058494515
train,3.546681659952962,4.283986612435652
train,6.292217038739567,6.196801131574855
train,7.221848749616356,7.155877973099056
train,7.509339913370447,7.107308707352986
train,4.213035740564267,4.443428609147594
train,7.4089353929735005,7.327983091807588
train,7.106793246940152,7.275992948341817
train,6.657577319177793,6.640374028382039
train,5.5934598195660445,5.940932956889158
train,4.2424521465307565,4.273178475127132
train,6.721246399047171,6.580823126896035
train,7.268411234813261,7.154957088710635
train,5.207608310501746,5.348824784180694
train,7.397940008672037,7.198622879766012
train,6.619897359061326,6.744113391112359
train,7.552841968657781,7.287002739892215
train,8.096910013008056,7.6332328088924575
train,6.552841968657781,6.549537930958837
train,5.3979400086720375,5.343864885354634
train,2.966199998880782,2.882770179814825
train,10.154964010919429,9.864271935004721
train,4.784362436564939,4.880470930282758
train,6.207608310501746,6.2925948143737855
train,5.400116927926312,5.7865778525985405
train,5.8794260687941495,5.89804704317096
train,7.214670164989233,6.7924672336898535
train,4.787812395596042,4.940312768019766
train,5.381951903287908,5.520344108651072
train,5.458420756053419,5.212576540724802
train,7.496209316942819,7.410550499476448
train,5.149353764816933,5.138392928432706
train,6.769551078621726,6.6700396452733886
train,6.988006885340743,7.273513575877975
train,7.480763439685022,7.950534045156649
train,7.397940008672037,7.147978361334599
train,5.275724130399211,5.5162673093979615
train,6.42021640338319,6.553673336146761
train,7.045757490560675,6.705803784013839
train,5.920818753952375,5.7298423014580555
train,6.657577319177793,6.572303360585611
train,4.897223385116559,4.752447847170222
train,8.0,7.949970205297835
train,5.0,5.134876774496438
train,6.431798275933005,6.643757456666671
train,9.0,8.885829634294343
train,7.200659450546418,7.0929199669142236
train,6.795880017344075,6.775744386807087
train,5.522878745280337,5.450262479396011
train,6.578396073130168,6.757228012948657
train,5.627087997029893,5.589678621888921
train,7.283162276700476,7.247351369168329
train,7.958607314841775,7.68215114811015
train,7.045757490560675,7.027104849232726
train,5.119186407719209,5.251202508008514
train,5.468521082957745,5.342644321387119
train,6.113509274827518,6.140964101228538
train,5.309803919971486,5.193123303959548
train,6.136677139879544,6.139777725646656
train,5.183758700008217,5.451505304271674
train,4.721246399047171,4.77591870620113
train,4.449771646944906,4.531283915951751
train,5.462180904926726,5.646031341062924
train,6.22767829327708,6.03297530170459
train,5.962573502059376,5.96936492371915
train,8.154901959985743,7.95717901686359
train,9.221921144096424,9.41824611995531
train,6.552841968657781,6.552841968657745
train,7.569280590144537,7.690908555116238
train,5.473660722610156,5.450803896925165
train,7.221848749616356,7.217307232075503
train,6.41907502432438,6.644393550548304
train,7.282001414998798,7.312759211519175
train,6.02843707390098,6.06030834121454
train,5.698970004336019,6.162788328097916
train,4.346787486224656,4.678599208148437
train,6.080921907623926,6.093360731805817
train,8.221848749616356,7.969976159342832
train,7.699513552156626,7.693694545958353
train,7.096910013008056,7.086203898428326
train,3.66334017654558,3.749654075586472
train,4.142667503568732,4.242469101877248
train,9.397940008672036,9.031785473075962
train,8.171957130681527,7.814290180642279
train,7.2839966563652,7.231715471442274
train,6.958607314841775,6.423114393144943
train,4.958607314841775,4.672702386583023
train,7.35261702988538,7.323836050308685
train,5.959303300184228,6.02461638705644
train,6.6777807052660805,6.7456432279966565
train,5.337242168318426,5.678230777082143
train,5.481486060122112,5.815516008496358
train,4.7121982700697735,4.9251490648379805
train,7.886056647693163,7.731492972482858
train,6.315392071294928,6.200494657982052
train,5.3979400086720375,5.773178734510982
train,5.75448733218585,5.700551494982875
train,6.508638306165727,6.305915473552368
train,5.551421210173404,5.684896805569293
train,7.494850021680094,7.4023114149434015
train,4.034798298974088,4.128650404807958
train,6.538803373026827,6.235583191610561
train,4.642065152999546,6.022070241122779
train,6.4604093769761874,6.527245519803568
train,6.036212172654444,6.403526780968771
train,6.212406077536169,6.3306946044729004
train,4.0,4.950074421939471
train,7.301029995663981,7.25386551341368
train,6.958607314841775,6.969126456260243
train,6.187086643357144,6.457453789041792
train,5.096910013008056,5.438383799161586
train,8.008773924307505,7.57314174620808
train,10.045878161439552,9.559847547731682
train,7.184075268920091,7.344509619600753
train,5.42021640338319,5.440494149331
train,4.6777807052660805,5.048472416581347
train,5.096910013008056,5.0468503370096265
train,6.552841968657781,6.5538249716456285
train,6.118286003218532,6.527245519803568
train,6.138337358989223,6.125170227262337
train,5.537602002101044,5.491983037485387
train,6.563837352959244,6.459102657961945
train,6.522878745280337,6.218797487914097
train,7.251811972993799,6.874578835583925
train,5.769551078621726,6.7924672336898535
train,7.698970004336019,7.408755071646358
train,8.397940008672037,7.5486873007067095
train,5.154901959985743,5.48337104866467
train,7.047866792018674,6.964954883000161
train,5.170696227168975,5.221546802451915
train,5.018864289349345,5.173373721637451
train,4.585026652029182,4.853768027532754
train,4.721246399047171,5.078064993541577
train,7.045757490560675,7.022833669214098
train,7.522878745280337,7.1512916148070556
train,6.943095148663527,7.121924442820571
train,8.700057099977233,8.64899084549577
train,6.251811972993799,6.246273897747716
train,8.400007822415901,8.400264108501744
train,5.301029995663981,5.538842124609227
train,4.6020599913279625,4.94890619029851
train,6.537602002101044,6.581313027752606
train,7.435333935747911,7.340244204448329
train,6.42021640338319,6.496989704527752
train,3.585026652029182,3.9099522440719343
train,6.443697499232712,6.446738776316091
train,7.096910013008056,6.445366241127718
train,6.6020599913279625,6.451401441412722
train,6.522878745280337,6.399984997648418
train,5.54515513999149,5.453593812250907
train,7.823908740944319,7.823957366233617
train,4.931814138253839,5.195898636128069
train,6.721246399047171,6.622159770992942
train,7.221848749616356,7.035905064442502
train,5.6020599913279625,5.709276125055531
train,6.368265527259751,6.457403657344977
train,3.443697499232713,3.225448413057718
train,7.889410289700751,7.8798684164531565
train,6.821948810943301,6.685998756477734
train,6.2441251443275085,6.3325230392853475
train,5.924453038607469,5.886747992905497
train,6.703334809738469,7.275992948341817
train,6.522878745280337,6.661518600657477
train,6.214670164989233,6.37769910168517
train,8.142667503568731,8.25148403263456
train,7.0,6.8893817072758035
train,6.6020599913279625,6.726777683936898
train,5.431798275933005,5.478191561376558
train,6.275724130399211,6.236421365996237
train,7.096910013008056,6.318450326185641
train,6.221848749616356,6.261747176356517
train,5.946959993058136,6.103221314385715
train,8.0,7.643862906468559
train,5.769776006336217,5.808434072330162
train,7.521435901161594,7.712878824698484
train,8.521435901161594,8.437268917387446
train,6.346787486224656,6.3731450863873995
train,6.5951662833800615,7.152763401235123
train,5.657788647020114,5.74009692254159
train,6.130768280269024,6.130244574510716
train,5.320572103387882,5.523220155861191
train,7.251811972993799,7.364998085963357
train,6.657577319177793,6.783336880980815
train,7.229147988357855,6.982426052411361
train,6.537602002101044,7.021706127843252
train,5.027797161620935,5.213842450101426
train,3.221848749616356,3.6872643050062885
train,8.214670164989233,7.931109379479961
train,6.657577319177793,6.659681825406224
train,5.585026652029182,5.412835413554731
train,8.387216143280265,7.855362026057093
train,5.962573502059376,5.96936492371915
train,5.412041246744953,5.7349795834190855
train,6.698970004336019,6.384516341482246
train,9.769806696356897,9.629674000843957
train,7.530177984021837,7.3690466672871375
train,2.2000000003305216,2.667000360833847
train,3.823908740944319,4.0738306867408935
train,7.026872146400302,6.716087461882921
train,2.846000001097364,2.667000360833847
train,7.275724130399211,6.958082282366184
train,6.522878745280337,6.304340242473218
train,5.17979854051436,5.265958507954212
train,8.0,7.762548193582546
train,4.671620396561262,5.085451763171566
train,4.455931955649724,4.677926743817195
train,6.6020599913279625,6.8232819429293
train,6.552841968657781,6.51629661724925
train,7.161150909262744,7.018356263205518
train,7.268411234813261,7.2055894799887925
train,5.52432881167557,5.639629108394526
train,5.154901959985743,5.388182297329863
train,7.0,7.521136000697017
train,5.200659450546418,5.449714646518165
train,8.698970004336019,8.505491915372085
train,6.251811972993799,6.016445629726847
train,5.823330452344347,6.033199070799268
train,4.191114132640188,4.282743057792655
train,5.823908740944319,6.01995209110035
train,2.6504999997518937,3.8136546996004133
train,8.699513552156626,8.625763984027941
train,5.504455662453552,5.573649565896445
train,6.657577319177793,6.653830517492072
train,6.958607314841775,6.626839633644561
train,5.538801114225389,5.686551560202294
train,5.6777807052660805,5.749463838524083
train,8.160019442321657,7.90202303477464
train,7.982966660701219,7.8798684164531565
train,6.657577319177793,6.656118514791117
train,7.0,6.262160577167325
train,6.376750709602099,6.308556566685505
train,6.661196523639753,6.512812564851258
train,5.301029995663981,5.081140117402891
train,7.619788758288394,7.574495335629265
train,6.3979400086720375,6.307906466134552
train,6.657577319177793,6.64922890620958
train,5.790484985457369,5.901407309900741
train,6.823908740944319,6.903308150374402
train,5.316052869248487,5.036868363818504
train,8.031517051446064,7.474193557771072
train,4.102372908709558,4.505078629373235
train,6.958607314841775,6.856243644405587
train,7.167491087293763,7.373565250233108
train,7.397940008672037,7.221030203443697
train,4.823908740944319,4.879253920544547
train,5.797940446073639,5.820960782956937
train,6.154901959985743,6.1454180852432
train,6.552841968657781,6.626839633644561
train,6.698970004336019,6.209435772561178
train,7.273272790973428,7.4612522931596335
train,6.086186147616283,6.176823280333931
train,7.292429823902063,7.121158789783393
train,5.866461091629782,5.684200794458364
train,3.7447274948966935,4.208045656007958
train,7.346787486224656,6.905550027485966
train,5.698970004336019,5.76326632972883
train,7.698970004336019,7.30054550568587
train,5.096910013008056,5.094704948202032
train,5.698970004336019,6.643638252266118
train,6.031517051446064,6.159540391128192
train,5.701146923590294,5.698373105036275
train,8.267606240177031,8.082498417321395
train,8.0,7.515700625958741
train,4.5583048643592825,4.704542426067382
train,6.346787486224656,6.241498524915775
train,5.552841968657781,5.70428067031866
train,5.170696227168975,5.263038872667388
train,7.327902142064282,7.296187656081607
train,6.267606240177031,5.568463415238367
train,6.366531544420413,6.323414299783081
train,5.962573502059376,5.968578840953883
train,10.69897000433602,9.949816655611988
train,4.136677139879544,4.413057360996393
train,7.568636235841012,7.477186198413694
train,7.890084136976206,7.899104458453559
train,6.853871964321762,7.330750859015473
train,5.619788758288394,5.744918565743336
train,6.896196279044043,7.256893275692662
train,8.521435901161594,8.401755292033863
train,7.0695604052333,7.4612522931596335
train,6.388608219719017,6.450463287008415
train,10.69897000433602,9.48384328078017
train,5.696803942579511,5.753905907039822
train,6.366531544420413,6.531185667560881
train,5.726319041392117,5.686587059579678
train,4.920818753952375,5.012231403382553
train,7.203356966489771,7.27244307995049
train,6.050305225247582,6.048642775217438
train,7.888070392334685,7.899104458453559
train,6.036212172654444,6.04624843439274
train,7.327902142064282,6.135454357421761
train,4.337242168318426,4.6078081273453675
train,8.698970004336019,8.278810030862472
train,7.045757490560675,7.021766127433019
train,6.484126156288321,6.57505412797501
train,6.919987152892072,6.811820735780851
train,6.481486060122112,6.415667294676011
train,6.7697811210384575,6.764691712998221
train,7.639974910810602,7.801015160484409
train,7.714442690992226,7.4612522931596335
train,7.0,6.785704209347921
train,6.017728766960431,6.43286024594392
train,6.021138785368707,5.81504604713753
train,7.0,6.947354627101574
train,7.221848749616356,6.52250533067485
train,7.492420754369929,7.522957394659117
train,4.522878745280337,4.76158701370149
train,6.481486060122112,6.5161415869785095
train,5.7448638579163855,5.857884273170012
train,5.337242168318426,5.361541386139592
train,4.254378778693062,4.433723050807492
train,5.232844133917819,5.756633090168525
train,6.220403508742176,6.283952565216366
train,5.096910013008056,5.11785373826818
train,7.3585258894959,7.13855648073411
train,7.0,6.90261213402597
train,4.585026652029182,4.782687425021215
train,6.508638306165727,6.711133792284194
train,7.522878745280337,6.068616023253637
train,4.0,4.86617464315292
train,6.247425010840047,6.186717821977641
train,7.154901959985743,6.567529954841812
train,7.291198562418154,7.440543182599308
train,7.301029995663981,7.325949461627048
train,6.657800054159108,6.352079937278943
train,4.958607314841775,5.105003609726884
train,7.958607314841775,8.083093995371991
train,7.0,7.010924688356137
train,8.045757490560675,7.380417471014837
train,5.238072161579471,5.235657256743202
train,5.3979400086720375,5.322428667889636
train,5.473660722610156,5.785383225189344
train,5.709965388637482,5.773749549807726
train,6.508638306165727,6.643638252266118
train,7.732828271596986,7.4612522931596335
train,4.154901959985743,4.436096978501499
train,6.275724130399211,6.294542398895234
train,7.372363747448347,7.003893655101802
train,6.886056647693163,6.3974098624396065
train,6.1487416512809245,6.0980103537592765
train,6.638272163982407,6.648449069283893
train,6.619788758288394,6.4076007972412015
train,8.51999305704285,8.480242577544056
train,5.829719211698555,5.897470158199978
train,6.657577319177793,6.679984862015975
train,7.552841968657781,7.569623544634853
train,5.665546248849069,5.559444857134814
train,7.978810700930062,7.908614934506001
train,7.638272163982407,7.412467143381307
train,6.322484295201242,6.251755263541195
train,7.1938200260161125,6.689458793484773
train,6.0,6.156726748933699
train,5.207608310501746,5.588472307993039
train,6.366531544420413,6.198121424200154
train,6.6020599913279625,6.701563743586888
train,6.920402953422224,6.482513375596329
train,5.638272163982407,5.43358034920362
train,7.277865152015803,7.516683100763936
train,4.996539467890494,5.005811174120846
train,5.08460016478773,5.8910303782953175
train,6.657577319177793,6.653830517492072
train,5.906578314837764,5.960969228923625
train,4.5003129173815966,5.762717150682344
train,7.161150909262744,7.239768346513197
train,6.337242168318426,6.135188100536296
train,5.159897043531825,5.314166981469404
train,7.301029995663981,7.25386551341368
train,6.958607314841775,6.593617827695665
train,6.627087997029893,6.475617128512268
train,5.696803942579511,5.482018352962491
train,5.0,5.540524498051717
train,6.638272163982407,6.202591698636925
train,5.200659450546418,5.191170166716374
train,6.356547323513812,6.399984997648418
train,6.943095148663527,6.718792233644805
train,6.492427464833347,6.489684489156841
train,3.4705841391649845,3.4169981039643185
train,7.721246399047171,7.485289777022567
train,10.69897000433602,10.179181719621075
train,7.494850021680094,6.93719072444265
train,6.212333322299372,6.571735496042609
train,6.161150909262744,6.095810276824369
train,2.163000000008996,2.4103710692804747
train,5.455931955649724,5.386577804404751
train,8.301029995663981,8.206349553500768
train,6.036212172654444,6.078618466612094
train,5.368556230986828,5.394114588946787
train,6.98369061957464,6.999789981740577
train,5.221848749616356,5.412835413554731
train,4.718966632752273,4.319062073992493
train,7.456877048787022,7.403028687055049
train,8.096910013008056,8.022208462612525
train,6.920402953422224,6.927537169269147
train,5.327951121220737,5.7398674192936845
train,6.154901959985743,6.249769397094507
train,5.94692155651658,5.9902926348366385
train,7.698970004336019,7.344509619600753
train,5.3979400086720375,5.784334346797806
train,6.358271588491376,6.061791288595462
train,7.853871964321762,5.966699043598432
train,5.301029995663981,5.271346551380357
train,4.378865279494139,4.759509005987197
train,7.001306807801344,6.812959860034598
train,6.494850021680094,6.3263244939835985
train,5.876148359032914,6.048588978139831
train,7.397940008672037,7.032270328147845
train,5.698970004336019,5.3997589596133615
train,5.811239165546937,6.088505612416455
train,7.154901959985743,7.101510449277151
train,6.699480900891103,6.5566607971374316
train,7.102372908709558,7.204615423109102
train,7.585026652029182,7.326801487364305
train,5.429728663957079,5.606203759988593
train,5.096910013008056,5.074908960063223
train,8.045757490560675,7.784289692248143
train,6.552841968657781,6.4998755591479815
train,6.83582569478691,7.586556168131724
train,7.301029995663981,6.8699336474239105
train,2.793004694872959,3.247695822609679
train,7.045757490560675,7.038798335552038
train,5.400116927926312,5.174680386740792
train,7.045757490560675,7.022221594476281
train,7.0,6.913208218451241
train,6.3979400086720375,6.225697663860861
train,7.318758762624412,6.841245151160858
train,7.096910013008056,7.038838656942819
train,5.18704321825132,5.418930229986516
train,7.568636235841012,7.371653281135545
train,5.429457060118103,5.41734554587523
train,5.096910013008056,5.081563527523137
train,5.259637310505756,5.253264761415753
train,7.494850021680094,7.350743817530809
train,7.301029995663981,7.1804326242268095
train,6.1610753929201465,6.168486944595545
train,3.938547520912807,3.8283511380028017
train,5.017728766960431,5.275677586183739
train,8.244125144327509,7.8751847206390755
train,7.85078088734462,7.464359819566625
train,8.096910013008056,7.857875799220618
train,6.279997898282849,6.291492226613957
train,6.457964005399849,6.522634541662211
train,7.301029995663981,7.247438628379078
train,4.259637310505756,4.643780880714151
train,6.258060922270801,5.876810461347379
train,5.051098239029786,5.265958507954212
train,6.795880017344075,6.708518820050123
train,7.3585258894959,7.313416310032054
train,5.3979400086720375,5.863578922771544
train,8.821891432890133,8.703687958170205
train,6.920818753952375,6.824330332979424
train,7.0,6.751781156573125
train,6.958607314841775,6.96287896121884
train,6.795880017344075,6.765254356555156
train,7.387216143280264,7.2604292167281805
train,5.522878745280337,5.415725323632552
train,4.943095148663527,5.581013063006773
train,3.5901238613863176,3.7714113593183494
train,6.494850021680094,6.391410217471802
train,5.1249387366083,5.51934670556486
train,5.619788758288394,5.1944428454802525
train,7.508638306165727,7.102476910863159
train,7.1249387366083,6.994842380603129
train,7.42021640338319,7.240297825258629
train,8.096910013008056,7.485289777022567
train,6.173925197299173,6.1606057443215985
train,4.0,5.355410504937698
train,6.481486060122112,6.374270714779995
train,5.596879478824182,5.833602857414598
train,5.906578314837764,6.035456032467353
train,5.80624007698337,6.061791288595462
train,6.920818753952375,6.862193873011135
train,4.850472986245652,5.021103010312478
train,5.752026733638193,5.287625324007308
train,6.562566556202029,6.65902919322545
train,7.366531544420413,7.356311135289804
train,3.1426000001506464,3.0196157470644427
train,6.346787486224656,6.344973482832908
train,6.281997277324025,6.433402109117837
train,7.0852837831912,6.966148926037252
train,7.162411561764489,7.255838303031265
train,6.318880942313708,6.205921158075705
train,6.468521082957745,6.315440500288552
train,6.852632892206214,6.543353367956107
train,5.013676222949234,5.25720465365308
train,6.070581074285707,6.031488584037848
train,6.167245339087412,6.039101754770098
train,5.0,5.973474689682327
train,8.699513552156626,8.760482593296514
train,7.292429823902063,7.099233695495938
train,6.522878745280337,6.687125789288897
train,3.5376020021010435,3.6887204336659383
train,5.247951552180561,5.405625143664351
train,5.982966660701219,6.0496517254472435
train,4.275724130399211,4.5221977447633686
train,4.301029995663981,4.683321186013755
train,5.204119982655925,5.25006119937972
train,7.442492798094342,7.1957649906493435
train,6.522878745280337,6.617439514835078
train,4.568636235841013,5.069769789510211
train,4.034798298974088,4.258538831610635
train,7.301029995663981,7.368172385750918
train,6.17291172906102,6.257834506409741
train,7.744727494896693,8.08887975849401
train,7.221848749616356,6.638809133474049
train,5.600329725273209,5.974198245448727
train,4.189095719331299,4.568858025253842
train,6.277530614115969,5.680576540698237
train,7.397940008672037,7.25386551341368
train,6.657577319177793,6.652319609259931
train,7.387216143280264,7.16690000852435
train,5.53313237964589,5.54270002608971
train,7.301029995663981,7.235536092508896
train,6.221848749616356,6.601390079354808
train,7.301029995663981,6.932187817069569
train,7.047866792018674,6.832998479476813
train,6.187086643357144,6.149818513772987
train,5.610917245257476,5.64230578946581
train,5.0,6.036499380829707
train,3.3375254962496905,3.591473542192467
train,5.71669877129645,6.215670537612009
train,6.769551078621726,6.478287943694503
train,4.6020599913279625,4.9909213803137895
train,5.606310574670642,5.846626846005343
train,8.769551078621726,6.932036639015752
train,2.90839999924685,2.79677926081629
train,6.481486060122112,6.45552980600192
train,5.61261017366127,5.5321936130865055
train,5.2420625485173895,5.84378784142091
train,6.522878745280337,5.70819433556264
train,7.177831920631983,7.403028687055049
train,4.580044251510242,4.978809591297035
train,6.508638306165727,6.348832484877042
train,6.721246399047171,7.380417471014837
train,5.0,5.54847171686155
train,5.892790030352131,7.038244347760623
train,6.050609993355087,6.180129920995933
train,7.332547047110046,7.278824182742201
train,6.58838029403677,6.811257755822881
train,5.0,5.36634765773742
train,6.187086643357144,6.206460558859051
train,7.3585258894959,7.233354972551979
train,5.049999517423265,5.5160188452132495
train,7.823908740944319,7.633216032272083
train,5.221848749616356,5.979848467730497
train,6.84163750790475,6.988383148163151
train,5.428757149439776,5.292105925337128
train,6.552841968657781,6.554301802089597
train,7.301029995663981,7.159040072590695
train,6.851941753915143,6.877728312548678
train,5.341035157335565,5.360027292211764
train,6.44219474416285,6.566320926404964
train,4.543633966870957,4.918524685674456
train,6.095014118900637,5.986172621233624
train,5.991399828238082,5.668412370484316
train,5.705533773838408,5.6896058159767104
train,4.6595558851598815,4.941193105643125
train,4.658961368322477,4.873599647869539
train,7.152465023828446,6.878331231429619
train,4.417822962311591,4.551858163815947
train,6.0,5.448774382758496
train,5.142667503568731,5.2464839716973595
train,8.300509466670935,8.321121029421516
train,3.5254923608830246,4.15504795003531
train,7.409078206027614,7.255582214070813
train,5.014573525916998,5.237152144553993
train,6.853871964321762,6.785588850069044
train,6.892578075976151,6.785829481013908
train,7.045757490560675,7.041221484400556
train,9.602059991327964,9.222091203039156
train,8.219970872662662,8.194267882849719
train,7.177831920631983,7.0972445013844085
train,8.300509466670935,8.152569150242659
train,7.455931955649724,6.946049208274076
train,5.6020599913279625,6.099975437320635
train,4.91721462968355,4.965202284537133
train,6.565431095965801,7.10134380841281
train,7.0,7.0316972943116935
train,6.886056647693163,6.473842912797122
train,6.060480747381382,6.106182528744436
train,6.107905397309519,6.127111522244854
train,6.481685552318919,6.387591622355381
train,4.161150909262744,4.2147236763317215
train,4.045757490560675,4.712499570985293
train,6.761439372640169,6.700445123611738
train,5.962573502059376,5.962573502059347
train,7.3585258894959,7.066565734279695
train,7.507417045466727,7.274128118741757
train,5.184422251675732,5.33704649369584
train,7.042871802323187,7.182451578029468
train,5.346787486224656,5.327048565003442
train,7.045757490560675,7.03746957278187
train,5.917214629683549,5.934063915929226
train,4.292429823902063,4.8594701770523905
train,5.962573502059376,5.962573502059347
train,7.301029995663981,7.341228113573499
train,6.4089353929735005,6.435928777450772
train,4.42021640338319,4.880715361555166
train,7.337242168318426,7.156522692474969
train,7.521435901161594,7.58386294781154
train,5.180228179473823,6.015619874578159
train,5.327902142064282,4.880715361555166
train,7.027334407733889,6.977028709488379
train,5.537602002101044,5.594687375388135
train,6.022276394711152,5.979848467730497
train,6.376750709602099,6.417054891436493
train,7.432973633840939,7.182451578029468
train,6.481486060122112,6.358175189486276
train,7.136677139879544,7.0722500634924295
train,6.699480900891103,6.801865940043994
train,6.853871964321762,6.895221518281428
train,4.020542681902152,4.248645607353636
train,6.481486060122112,6.622871759468859
train,6.910094888560602,7.20899338961365
train,5.293282217663242,5.377018388268493
train,5.972463808775292,5.8846525327393495
train,6.247425010840047,6.237787373922068
train,8.100015437450608,8.022015357564696
train,5.823908740944319,5.405318103125555
train,7.522878745280337,7.275898159711173
train,5.041914151478915,4.988740463478174
train,6.0,6.013750083591259
train,3.5275737842014943,3.378208695771663
train,7.995678626217357,7.708627266370965
train,7.795880017344075,7.656616399421567
train,6.180229165473677,6.3718588794198725
train,6.3979400086720375,6.474760269310167
train,6.552841968657781,6.5538249716456285
train,5.0,5.348151906656015
train,6.853871964321762,5.355410504937698
train,7.460923901207224,7.031486046191573
train,3.54030602352203,3.623125922061579
train,7.207834387816234,6.958689116874117
train,6.552841968657781,6.500529840857535
train,7.698970004336019,7.120034791946115
train,5.107905397309519,5.099285462404052
train,6.677791045857094,6.4240819022952955
train,5.899629454882437,5.67671207730896
train,5.3829996588791005,5.388662809165708
train,6.721246399047171,6.630945458877997
train,8.0,6.934981776803638
train,6.928117992693874,7.114440463845796
train,7.699513552156626,7.686892098756742
train,5.97469413473523,5.952005951858029
train,5.94692155651658,6.716087461882921
train,6.173925197299173,6.229177469200123
train,4.579384229374235,4.812893438708792
train,6.657577319177793,6.683474557354049
train,5.052076380168273,5.092972832691195
train,6.154901959985743,6.131692269841618
train,6.366531544420413,6.022070241122779
train,6.657577319177793,6.611002713910236
train,5.0,4.9210024370924295
train,5.142667503568731,5.170709524050651
train,6.267606240177031,6.3660158135070075
train,5.3979400086720375,5.71626098223044
train,5.111820506081675,6.932036639015752
train,7.154281982033341,7.094291801966613
train,4.730487055782084,4.875158389471404
train,6.769551078621726,6.43992727188043
train,5.251811972993799,5.301045302748503
train,7.569280590144537,7.626592372432348
train,6.0,5.797112337281907
train,5.102372908709558,5.279788280661558
train,5.815304311435105,5.577676675112897
train,6.46344155742847,6.664867512362342
train,5.301029995663981,5.79318817627773
train,5.920909250824263,5.857929252613844
train,7.619788758288394,7.442416372686765
train,5.490398508617497,5.843394735873288
train,5.494850021680094,5.519662864468573
train,6.823908740944319,7.330750859015473
train,5.084072788302884,5.274126110699215
train,7.431798275933005,6.95053709052884
train,7.301029995663981,7.656616399421567
train,6.0,6.355470139794271
train,6.2839966563652006,6.256408509984574
train,7.4179366370882915,6.966177297928423
train,4.180456064458132,4.0127344565048615
train,5.844663962534938,5.989365352540897
train,5.040481623027002,5.307084702307158
train,6.568636235841012,6.484974846385923
train,7.221848749616356,7.188016139240532
train,5.522878745280337,5.304194028919326
train,6.494850021680094,6.068616023253637
train,8.299988937677888,8.311242578462197
train,6.309803919971486,6.242610487453897
train,7.2839966563652,7.239570289000293
train,6.443697499232712,5.815516008496358
train,5.167491087293763,5.18167821899843
train,4.0,4.816172267974432
train,4.468521082957745,5.081140117402891
train,6.6020599913279625,6.382040620957536
train,4.281498311132726,5.1499078248266645
train,5.638272163982407,6.016112640779565
train,3.776504059037605,3.996151361425766
train,5.698970004336019,5.542293792538764
train,7.1938200260161125,6.8280682794898695
train,5.103473782510445,5.07256226378973
train,6.795880017344075,6.725428758274393
train,7.821891432890133,7.857875799220618
train,5.468521082957745,5.392510889458377
train,7.770062314092066,7.873274065237488
train,7.0,7.25386551341368
train,6.3872161432802645,6.450171859934877
train,6.2441251443275085,6.243567360659491
train,5.978810700930062,5.840803424159277
train,7.4089353929735005,7.389882636052802
train,3.5301779840218366,4.351922325189556
train,7.236572006437063,7.107863427009109
train,4.424812155072339,4.889519990278873
train,7.657577319177793,7.134959618988383
train,5.735418270761922,5.978736058516186
train,6.0087872194435406,6.104082496223727
train,7.678921132642886,7.754387385533011
train,6.958607314841775,6.786160809497229
train,5.472384919772523,5.577676675112897
train,5.484126156288321,5.25720465365308
train,5.041914151478915,5.10686688405194
train,6.031757681129242,5.970538732308665
train,6.154901959985743,6.115207147593596
train,7.568636235841012,7.554086473245747
train,5.638272163982407,5.537627278091231
train,6.494924678876612,6.311937796545416
train,3.9880068853407433,4.769241040360747
train,3.5319734251443338,3.5107773661694583
train,6.920818753952375,7.015734534710185
train,8.521435901161594,8.48587141020752
train,5.769776006336217,5.875138714919838
train,6.6777807052660805,6.153368489401523
train,6.026872146400301,6.01995209110035
train,5.991399828238082,6.02054529434135
train,4.499998462863552,5.174680386740792
train,6.508617292933356,6.508212919566544
train,6.823908740944319,6.733819526941834
train,6.537602002101044,6.521630755668278
train,6.573488738635424,6.421973665970911
train,5.661271744427465,5.599185158130087
train,8.886056647693163,8.564371384679443
train,7.023603778477954,7.038244347760623
train,6.470005326930858,6.5487112233130205
train,6.327902142064282,6.43992727188043
train,6.657577319177793,6.629076597512609
train,5.3979400086720375,5.452415512229239
train,3.841637507904751,4.172532849652463
train,4.958607314841775,5.171005738236895
train,6.769525533390127,6.567391308561023
train,7.070581074285707,7.120827554778902
train,6.494850021680094,6.606943467976567
train,7.379863945026242,7.047866376266512
train,7.301029995663981,7.0445479449616295
train,5.714442690992226,6.072494779029847
train,5.4105842181321,5.601460193130545
train,4.0,4.490782531691084
train,7.301029995663981,7.022166356724144
train,7.587546764348944,7.411774876683992
train,7.154901959985743,6.743965003435244
train,8.300509466670935,8.095313179436388
train,5.049635145623877,5.117019714490406
train,7.161150909262744,7.370883769431733
train,4.142667503568732,4.295976482138162
train,4.749336080536756,5.349968411722441
train,6.764471553092451,7.134959618988383
train,6.638272163982407,6.6135365882912325
train,3.888195416320885,4.281986395899126
train,7.521433504406157,7.370883769431733
train,6.917573699139228,6.966177297928423
train,9.0,8.666105769033752
train,6.0,5.551555259198031
train,7.642065152999546,7.482048641449427
train,5.667780817977148,5.7249591759618115
train,6.795880017344075,6.702776479172064
train,6.154901959985743,6.1454180852432
train,6.568636235841012,6.621120022748796
train,5.832682665251824,5.739881201549023
train,4.853871964321762,4.834260986095789
train,8.0,7.988130641399178
train,8.221848749616356,8.012401024554483
train,7.853871964321762,7.373565250233108
train,6.619897359061326,6.48966260810857
train,7.142064735280571,7.061811706612927
train,6.721246399047171,6.631423577786479
train,5.2420625485173895,5.513182956376742
train,7.678921132642886,7.456103362061496
train,4.966576244513051,5.250654109866402
train,7.301029995663981,7.047122333190814
train,5.962573502059376,5.9584685550042025
train,6.480743765501632,6.451678995114222
train,7.300509466670935,7.453344997723204
train,6.328948815373956,6.470092864183783
train,7.180456064458131,7.283051332469613
train,7.221848749616356,7.25386551341368
train,5.552841968657781,5.656183068407708
train,5.146910470148134,5.25006119937972
train,5.522878745280337,5.4667809906495375
train,6.920818753952375,6.585731843549268
train,6.585026652029182,6.767658396476836
train,5.72584215073632,5.498584498642029
train,5.629818655252878,5.983206779175395
train,7.0,7.213984356770341
train,4.698970004336019,4.541957550074829
train,7.213750072860137,6.988300749932274
train,4.769551078621726,5.062556814751358
train,6.42021640338319,6.268033560796488
train,6.610039135202278,6.445980990734156
train,6.920818753952375,6.845931488645833
train,6.259637310505756,6.482934620201729
train,7.098462725229332,7.022852929659275
train,7.045757490560675,7.023047447650338
train,5.0,5.023681681315962
train,5.164943898279883,5.166807369015802
train,7.332547047110046,7.507623564311034
train,8.200659450546418,6.941863349447591
train,6.496209316942819,6.6934847986386155
train,5.555955204081924,5.523872655481737
train,4.907981529247203,5.120191334775503
train,6.152449686946641,6.26874306157139
train,7.130768280269024,6.9051885790307805
train,7.678921132642886,7.630530278532083
train,6.638272163982407,6.6135365882912325
train,4.828273546346769,4.840727083924634
train,6.619788758288394,6.531385319526757
train,4.267606240177032,4.615983450644106
train,4.6020599913279625,4.607950309446929
train,6.920818753952375,6.80735468757369
train,7.472370099128661,7.374744460562527
train,5.070581074285707,5.112425159785209
train,7.301029995663981,7.267298288837851
train,6.802443786846464,6.988300749932274
train,4.154901959985743,3.6887204336659383
train,7.0,6.956123459327657
train,6.0,6.126922015681797
train,6.721246399047171,6.43286024594392
train,4.540607512240769,6.022070241122779
train,7.398973915543969,7.429028410715123
train,4.494850021680094,4.664744787507851
train,8.700057099977233,8.651313646596828
train,6.42021640338319,6.615190892316437
train,5.703334809738469,5.713646020658687
train,7.4089353929735005,7.243477156449785
train,7.12668290053121,7.231698346002192
train,6.8297382846050425,6.895172746205853
train,5.259637310505756,5.5323054389672555
train,5.096367483915762,5.193736251065732
train,5.823908740944319,5.664838377664834
train,6.585026652029182,6.626396592223134
train,5.455931955649724,5.605013049536307
train,6.154901959985743,6.223369260189421
train,5.791587075019648,6.053710509055003
train,6.714442690992226,6.915403294486411
train,7.587546764348944,7.256896807837258
train,6.2839966563652006,6.332340931157893
train,4.0,6.153368489401523
train,5.7447274948966935,6.068616023253637
train,5.795880017344075,5.653161469035657
train,6.920818753952375,6.934568797683681
train,5.838631997765026,5.634094283111197
train,8.301029995663981,7.674925175593377
train,6.209799843078455,5.759901725567738
train,5.436518914605589,5.229112386507252
train,7.301029995663981,7.336464202111432
train,4.3222106089311385,5.097714907126366
train,7.851864901236602,7.859275206649865
train,6.388608219719017,6.248889970738666
train,4.055517327849832,4.217977673090125
train,7.987162775294828,7.7462269855778185
train,7.104091540075629,7.143029708591486
train,7.0655015487564325,6.990542201927175
train,6.19191143532696,6.578870347331478
train,7.795880017344075,7.038244347760623
train,6.795880017344075,6.475986740282795
train,7.053056729302175,6.8689441024379585
train,8.835795926161056,9.274868935491853
train,4.309803919971486,4.78338903418286
train,6.69898086196951,6.52001153696768
train,4.953895212753961,5.07951557244995
train,6.469263204944301,6.5487112233130205
train,6.721246399047171,6.692731861308374
train,8.288108458303526,8.474237610148732
train,7.823908740944319,7.276655080460237
train,7.602059991327962,7.16793397002292
train,6.958607314841775,6.856645477610223
train,5.301029995663981,5.360744620665057
train,7.337242168318426,7.038244347760623
train,7.769551078621726,7.883775192112421
train,7.171957130681528,7.224315552294106
train,6.3979400086720375,6.686163937353765
train,6.0,6.034885503364936
train,5.721246399047171,5.664491982385299
train,7.045757490560675,7.0052608804375875
train,4.836242476018044,5.271803107878593
train,5.301029995663981,5.2655177395906065
train,4.200659450546418,4.341569244002843
train,6.552841968657781,6.5538249716456285
train,4.114638779968488,3.9464558358116095
train,6.4089353929735005,6.468786892874382
train,6.096910013008056,5.388182297329863
train,5.8408187195117245,5.783423270867541
train,5.570247719997592,5.58523431745555
train,8.455931955649724,7.300818187053156
train,7.698970004336019,7.834532447444826
train,7.4089353929735005,7.392772932081525
train,6.806875401645538,6.951561510333644
train,8.191046706078257,8.061454407295809
train,4.954677021213342,4.925966584793518
train,5.698970004336019,5.432305864554019
train,5.869682317081574,5.978547186424974
train,7.397940008672037,7.351267168785953
train,5.446116973356125,5.55169395363645
train,7.045757490560675,7.037912171206294
train,7.886056647693163,7.485415921864716
train,5.773915884024176,6.801718138711421
train,6.122468674143265,6.029749258061452
train,6.920818753952375,5.762717150682344
train,6.508638306165727,6.49893733440959
train,6.552841968657781,6.551507876510121
train,6.397972583201331,6.166151478389847
train,6.277530614115969,6.489947672030902
train,2.8302000001176983,2.667000360833847
train,6.119186407719209,5.909029090198132
train,4.913640169325252,5.1944428454802525
train,5.010102769187175,5.577676675112897
train,4.180456064458132,4.3996810052067294
train,6.018864971493346,6.261255663274012
train,8.077897645626356,8.267887335352718
train,7.853871964321762,7.268690719681891
train,8.22090981113951,8.194267882849719
train,6.107952729430465,6.228618105106112
train,7.119186407719209,6.351364900798842
train,7.8696662315049934,6.877090552935001
train,5.465973893943865,5.495168917074082
train,6.469263204944301,6.309234268951253
train,6.657577319177793,6.642289228386171
train,6.552841968657781,6.526168692096519
train,6.619797806278601,6.566550652957958
train,5.484126156288321,5.4424818733049865
train,5.455931955649724,5.4365472534000645
train,7.397940008672037,6.703517988617691
train,7.890084136976206,7.808426281130096
train,7.366531544420413,7.380417471014837
train,7.769806696356897,7.9507960231740284
train,7.161196523639753,7.255582214070813
train,5.022276394711152,4.957148406928732
train,5.918419312511491,5.951587010403198
train,7.549750891680639,7.333330661683253
train,5.959303300184228,6.045966005748468
train,5.649751981665837,5.8958296627864835
train,6.6020599913279625,6.553673336146761
train,6.060480747381382,6.743965003435244
train,7.112382699664264,6.918004980060974
train,4.713992877920526,4.81758293090223
train,7.145337877803287,6.439774845222207
train,7.0,6.813459397003903
train,5.119186407719209,5.130079824116309
train,8.045757490560675,8.001429486655637
train,3.995678626217358,4.562201778285323
train,5.7447274948966935,5.678116752846878
train,8.0,7.902315529266661
train,6.351667404869234,6.391608700192825
train,6.7447274948966935,6.586521579999267
train,8.522878745280337,8.156636256156354
train,4.984640244590786,5.039067829664259
train,4.988006885340743,5.109368705384236
train,6.721246399047171,6.824968490168396
train,6.552841968657781,6.508201611886852
train,6.267606240177031,6.508849165453972
train,6.6020599913279625,6.839963875272103
train,5.958607314841775,5.948907993082485
train,6.888036676436635,6.745665587003307
train,3.267606240177032,3.6887204336659383
train,6.801342913045577,6.782901042392907
train,7.0,6.503451446365944
train,8.152465023828446,8.162375454608195
train,7.522878745280337,7.019817347740258
train,7.668621084159213,7.267200175475934
train,6.251037138743839,6.247045471124575
train,7.888070392334685,7.849032647341466
train,6.221848749616356,6.19689003681627
train,6.222029781090744,6.2529704917421824
train,6.187086643357144,6.20164951253783
train,4.844663962534939,5.865802173791149
train,6.528995973488843,6.8183874931094515
train,6.537602002101044,6.617439514835078
train,7.189969213594161,7.273063162461879
train,7.0,6.941902823182498
train,7.492144128304169,7.3032395158695405
train,7.55129368009492,7.403028687055049
train,6.678889950500676,6.800118148298899
train,7.849857838151442,7.859275206649865
train,4.9503943874050265,4.901904344819567
train,5.468521082957745,5.470022727300362
train,7.140861702705469,7.274128118741757
train,6.721246399047171,6.430614779595036
train,4.3979400086720375,4.973562384380925
train,4.868702203402377,5.109648349126353
train,5.806875401645538,5.675614876373394
train,7.720675709517766,7.662280947301753
train,7.721246399047171,7.567972067023342
train,6.850011543508524,6.607384789047535
train,5.59176003468815,5.455451693758911
train,6.180456064458131,6.172720062398521
train,4.0,4.447503308122829
train,6.958607314841775,6.664893661581742
train,6.266000713461613,6.277918039053051
train,5.522878745280337,5.424941181580232
train,7.398973915543969,7.477277398362904
train,8.0,7.407892644004446
train,5.262012673666569,5.6220645098847895
train,10.045878161439552,9.822667476244618
train,6.130768280269024,6.142668529985829
train,6.237321436272564,6.3936291236678775
train,7.851864901236602,7.451611313129867
train,7.522878745280337,6.153368489401523
train,7.448550002027124,7.114440463845796
train,5.939713034397075,5.929506818902463
train,4.494850021680094,5.490198527538444
train,6.619788758288394,6.7542958964228195
train,6.3872161432802645,6.37856703111467
train,4.8996294548824375,4.988741906947915
train,7.658765000758199,8.099563788652171
train,7.221848749616356,7.204112323726774
train,5.568636235841012,5.586243407882745
train,7.1249387366083,7.627178096787784
train,5.176525770829699,5.356187480270046
train,5.619788758288394,5.5080291435414805
train,4.913640169325252,5.349021539789692
train,6.267606240177031,6.251601663610404
train,5.6005469811602175,5.6320653089772446
train,7.301029995663981,7.271942704528612
train,7.207608310501746,7.674925175593377
train,6.959299339414116,6.571735496042609
train,5.263603497723357,5.360915805128079
train,5.647817481888637,5.785209169542065
train,5.773800077044279,5.842026330603026
train,7.692503962086787,7.275992948341817
train,6.920818753952375,6.969126456260243
train,7.0,6.936708891557246
train,6.060480747381382,6.361632039787704
train,7.530177984021837,7.284827659381794
train,6.190911868653654,5.962936671201489
train,7.0,6.882144276986584
train,6.552841968657781,6.554301802089597
train,3.6989700043360174,4.204637999968917
train,7.126679398184601,7.4612522931596335
train,6.301029995663981,6.443009055882615
train,8.301029995663981,7.91226285200097
train,5.5934598195660445,5.740180377121355
train,3.6989700043360174,4.0127344565048615
train,5.638136253468664,5.670627740777643
train,8.504247633785923,8.432324586836348
train,4.657774770639209,5.2436021295966295
train,6.7697811210384575,6.762117559169109
train,7.397940008672037,6.805783824404406
train,5.761927539557252,5.790458804626752
train,6.238285979572167,6.109727389000229
train,5.337242168318426,5.693560945921379
train,7.077450979992872,6.899017922919878
train,6.060480747381382,6.0980103537592765
train,4.443697499232713,4.265000039562223
train,6.734260541478872,6.617921712166295
train,6.26428079630535,6.075260575660641
train,4.7447274948966935,5.032966524062569
train,4.267606240177032,4.575108831681268
train,7.154901959985743,6.778654585247706
train,5.815308569182401,5.825052508983502
train,8.163766343465959,7.507623564311034
train,5.771057114718517,5.403688290079508
train,5.990700549095011,6.205938168286684
train,5.742363849907403,5.403688290079508
train,7.050609993355087,7.120827554778902
train,7.638272163982407,7.373107032306076
train,6.481486060122112,6.604087353636108
train,6.254641610871524,6.051061035471772
train,6.3535962737769305,6.628929489369155
train,7.337242168318426,6.78451786054819
train,6.823908740944319,6.936492698044793
train,5.346787486224656,5.4975695130407685
train,6.568636235841012,6.636565296526287
train,6.346787486224656,6.401889724473734
train,7.301029995663981,7.163576994841593
train,7.122462949120764,7.138468174687735
train,8.0,7.909319885963414
train,6.378375033651015,6.261421073262685
train,5.703334809738469,5.453237705064034
train,6.467245621007502,6.624226545156046
train,5.619894643379946,5.66787631798694
train,4.259637310505756,4.532052906766375
train,6.853871964321762,6.433994203686776
train,6.275724130399211,5.908167259896177
train,5.522878745280337,5.677968591311807
train,4.0,5.966699043598432
train,6.853871964321762,6.995722222268869
train,6.721246399047171,6.697546144576258
train,7.346787486224656,7.068725681357323
train,5.860120913598763,5.909029090198132
train,7.301029995663981,7.176807137649018
train,5.0,5.389118243852157
train,6.470005326930858,6.49149572929184
train,4.657577319177793,4.77591870620113
train,6.2420625485173895,6.454115834688768
train,8.096910013008056,8.055781076437723
train,3.4943074925878,3.566477708214645
train,6.431798275933005,6.333294189761672
train,4.1249387366083,4.654823318451219
train,7.0,6.773842024162193
train,6.328948815373956,6.240127129151443
train,6.522878745280337,6.5842402579754715
train,6.358271588491376,6.083575715380198
train,4.814741234703415,5.036868363818504
train,5.950781977329818,5.8653213683487415
train,7.015758525723032,7.061817194533413
train,5.869833579773784,5.907104373968878
train,5.886056647693163,5.691956654836389
train,4.950781977329818,4.749084203954574
train,4.986741334716483,6.135454357421761
train,3.029653123769907,3.8344100664547978
train,7.853871964321762,7.674871566319578
train,8.300509466670935,8.311242578462197
train,5.399013499022627,5.569100661849449
train,6.823952174736033,6.5911618566956065
train,7.301029995663981,7.193170762507668
train,4.0,4.590223378538503
train,6.958607314841775,6.792065643812195
train,4.292429823902063,4.678828151632805
train,7.886056647693163,6.963421429136674
train,9.267807395579052,8.735251425410869
train,7.096910013008056,7.029478638900887
train,7.167491087293763,6.716087461882921
train,6.6777807052660805,6.747707206849291
train,6.065501548756432,6.161804614892371
train,6.564952358660035,6.663189989797491
train,8.39897391554397,8.400264108501744
train,6.721246399047171,6.701453229555628
train,7.888070392334685,7.808426281130096
train,5.494850021680094,5.414434286683908
train,6.045757490560675,6.106182528744436
train,5.154901959985743,5.388182297329863
train,3.5228787452803374,4.101079871797766
train,7.387216143280264,7.146965201802843
train,5.954677021213342,5.818957044502071
train,6.552841968657781,6.54208734102764
train,5.962573502059376,5.979182884681872
train,6.522878745280337,6.778165169582249
train,5.3979400086720375,5.336488408050475
train,6.769551078621726,6.555971292363042
train,6.73754891026957,6.429358340642221
train,7.537602002101044,6.481664556079544
train,6.721246399047171,6.737626005030818
train,5.522878745280337,5.648137761111309
train,2.9744237387763093,4.036325314989458
train,6.495699914119041,6.527245519803568
train,7.292429823902063,7.314543408215674
train,5.738774557593842,6.083575715380198
train,7.154901959985743,7.046918538108239
train,4.697020063251751,4.978776062510502
train,3.1330999994458946,3.125360128862576
train,5.055024091587953,5.132524255234704
train,6.320572103387882,6.884548840994621
train,6.3979400086720375,6.054892757199564
train,4.801342913045577,4.942112981048396
train,6.721246399047171,6.644969744302555
train,6.638272163982407,6.521630755668278
train,4.587640267631869,4.805543548963724
train,6.221848749616356,5.757765760420508
train,5.8198741248359465,5.850976327952441
train,5.701146923590294,5.66883529699741
train,6.050609993355087,6.104453272087179
train,7.309803919971486,7.119750326307092
train,5.568636235841012,5.707007641536927
train,8.300509466670935,8.09033852945961
train,7.819874124835946,7.73561347998423
train,7.221848749616356,7.0090502441549685
train,6.24184537803261,6.459102657961945
train,7.769551078621726,7.662841959986607
train,6.619788758288394,6.250127881031168
train,6.721246399047171,6.7323780892466605
train,4.221848749616356,4.417761826720841
train,4.491335636947057,4.7833544842971625
train,6.468521082957745,6.360320679082731
train,5.140261433802853,5.343661954731399
train,7.684075268920091,7.275992948341817
train,6.657577319177793,6.65462280859308
train,6.7076596094053365,6.762736240196914
train,6.0,6.217321762733715
train,7.931814138253838,7.203242823713936
train,3.5447809267279067,3.563019135285325
train,8.388070392334685,8.353559580015617
train,7.045757490560675,6.611111976467947
train,6.031517051446064,6.096401118148032
train,7.327902142064282,6.570659848131412
train,6.552841968657781,6.551507876510121
train,5.920818753952375,5.999719005165938
train,6.2839966563652006,6.3537783683803575
train,5.226945306635738,5.372448371257902
train,6.027758663924915,5.911084247915966
train,6.886056647693163,6.863800741124554
train,4.119186407719209,4.0690682694922735
train,7.4089353929735005,7.267364912184505
train,6.1938200260161125,6.308556566685505
train,7.387216143280264,7.115782664569151
train,5.920410177937011,5.652806196206586
train,7.318758762624412,7.442416372686765
train,7.397940008672037,7.12964275545183
train,7.657577319177793,7.569623544634853
train,5.306273051076353,5.379286364533796
train,6.356547323513812,6.292674829982505
train,6.552841968657781,6.543298754608408
train,6.494850021680094,6.022070241122779
train,3.760450279159527,4.029616380778086
train,5.7959397410477225,5.978041492170305
train,6.494850021680094,6.560526948888414
train,7.594132087050472,7.256893275692662
train,7.045757490560675,6.991037652864784
train,5.333482019445119,5.559564054382902
train,6.346787486224656,6.186819633153555
train,7.649751981665837,7.273513575877975
train,7.680061560019691,7.699187409922319
train,5.078833949362261,5.09342613543466
train,5.158640529545146,5.293455902678805
train,6.040958607678906,6.176951752458207
train,6.721246399047171,6.677069505366712
train,7.720105019988361,7.662280947301753
train,7.00436480540245,6.245128815627309
train,5.930533029871538,5.9377873084507415
train,5.470999789582312,5.762067281799177
train,6.040958607678906,7.30054550568587
train,6.853871964321762,6.9693594039591185
train,5.3585258894959,5.383379617508376
train,5.522878745280337,5.433753525860011
train,7.698970004336019,7.740410293329564
train,8.301029995663981,7.330750859015473
train,6.920818753952375,6.675180589461595
train,4.991399828238082,5.553233612373955
train,5.981483029254318,6.029738540503397
train,7.638272163982407,7.310681664599338
train,8.2518119729938,8.176233474638716
train,6.769551078621726,7.204847173188511
train,6.494850021680094,6.8620125060464865
train,6.040958607678906,6.031488584037848
train,7.521435901161594,7.515700625958741
train,6.721246399047171,6.719948112174354
train,6.146214911951032,6.260332492821022
train,6.86407919673175,6.862082650771599
train,5.698985205174921,5.710120668665323
train,7.244125144327507,7.277337747999494
train,6.703334809738469,6.688871382978994
train,8.098462725229332,8.022015357564696
train,7.625251653989896,7.152763401235123
train,6.468521082957745,6.510448737165032
train,4.638272163982407,4.656942718701813
train,4.0,4.328763784143462
train,8.0,7.823493940118828
train,6.17291172906102,6.2561768260349435
train,5.962573502059376,5.963894660586036
train,6.038106286175619,5.873786158800124
train,5.330683119433887,5.193736251065732
train,9.522878745280336,9.162510708359118
train,7.275724130399211,7.311900302029008
train,6.958607314841775,6.907635078910276
train,6.167491087293763,6.375291931184976
train,8.480763439685022,8.099563788652171
train,9.0,8.95007093896818
train,8.301029995663981,8.119530457329807
train,6.0,6.6360721403452265
train,7.368556230986828,7.112033875930729
train,4.187086643357144,4.511329277741446
train,9.30102999566398,8.71257729360522
train,6.267606240177031,6.614330012714839
train,6.775662295917138,6.574083695759858
train,5.537602002101044,6.805617489159709
train,6.2072696352457495,6.056085753274932
train,7.890084136976206,7.892346699170904
train,2.8582000003879635,2.79677926081629
train,9.431915684554928,9.30779436737022
train,7.958607314841775,7.80911752704296
train,4.050268547684293,4.388501096253365
train,4.552841968657781,4.825166501021333
train,7.30715308072277,7.122897180701413
train,7.021819483062586,7.134959618988383
train,6.274088367704952,6.206486546058262
train,7.0,6.9375166816358975
train,5.096910013008056,5.365778146456956
train,4.202040356262804,5.234728759526516
train,8.301029995663981,8.245129123848413
train,6.11959250969872,6.433980382935412
train,4.7447274948966935,5.396800727459873
train,7.259637310505756,7.204372133179498
train,5.802949348979977,5.93148936900642
train,7.220286100120255,6.7924672336898535
train,7.398973915543969,7.318390461055571
train,3.7121982700697735,3.800349123536272
train,6.920402953422224,6.813459397003903
train,5.055517327849831,5.118039565114638
train,7.67778070526608,7.640821026911923
train,5.174573882232177,5.188000031851325
train,6.158986158188885,6.963421429136674
train,6.0,5.7224991189809415
train,6.2441251443275085,5.957090220328645
train,5.554395796726403,5.8675680637769565
train,8.522878745280337,8.280064568885594
train,9.55284196865778,9.301858408198074
train,8.0,7.813704187719809
train,6.328948815373956,6.111819965281322
train,7.3585258894959,7.322445967441502
train,6.468521082957745,6.571888717038545
train,5.522878745280337,5.676026880649074
train,6.721120718601135,6.676594471129524
train,7.888070392334685,7.892346699170904
train,4.154901959985743,4.4742532875127115
train,5.8297382846050425,6.057588964992335
train,6.1938200260161125,6.259170655998879
train,5.586700235918748,5.694515400475482
train,6.920402953422224,7.280085390232645
train,4.468521082957745,4.957533421233704
train,7.795880017344075,7.864986788121784
train,4.15602015552184,4.38595185774404
train,6.619788758288394,6.702776479172064
train,4.17308335281508,4.343174381043116
train,5.823908740944319,5.849791005671494
train,4.759201228882668,4.788455818107655
train,7.853871964321762,6.643638252266118
train,7.823908740944319,7.7288845011666885
train,5.114638779968488,5.441498887896659
train,5.801342913045577,5.962826885937662
train,6.327902142064282,6.450006092386252
train,6.356547323513812,6.156669004581041
train,3.889410289700751,4.279453536433782
train,6.327902142064282,6.651239616292965
train,7.221848749616356,7.165778171490947
train,7.070044924699949,7.496306907523067
train,5.920818753952375,5.901997344088913
train,6.113509274827518,6.178543343721735
train,9.0,8.684043117036792
train,7.67778070526608,7.402028977270589
train,7.0,6.426184955143571
train,7.045757490560675,7.032538122766036
train,7.468521082957745,7.499174129532641
train,6.601028822700004,6.716738739221902
train,6.251811972993799,6.280656408380281
train,4.958607314841775,5.030173099265253
train,7.537602002101044,7.131884476188484
train,7.161150909262744,7.017307864623904
train,5.11690664142431,5.415179847291393
train,7.4089353929735005,7.499174129532641
train,4.499997051046707,5.172345803793831
train,3.886056647693163,4.242839362349825
train,7.797925375395152,7.86121813207271
train,6.167491087293763,6.063821353303271
train,3.305482546188844,3.553780705108189
train,5.455931955649724,5.081140117402891
train,5.98952947006884,6.877090552935001
train,7.236572006437063,6.932036639015752
train,6.657577319177793,5.979848467730497
train,6.823908740944319,7.485289777022567
train,5.229942225512338,5.702206873890978
train,8.698970004336019,8.509977682029513
train,6.3979400086720375,6.182580843978509
train,7.161150909262744,7.125312114903179
train,5.6020599913279625,6.245128815627309
train,5.301029995663981,5.585184453607928
train,7.619969752032169,7.574495335629265
train,3.366531544420414,3.7652818397742704
train,6.886056647693163,6.648939589823093
train,8.699513552156626,8.66517151587846
train,6.555955204081924,7.031486046191573
train,3.0778999974485206,2.9703373608929287
train,5.079156702500347,5.241860492132811
train,6.840132152907433,7.169857095668013
train,4.723769138064677,5.071797211807607
train,6.136677139879544,5.861011995412035
train,7.521435901161594,7.505793376977596
train,6.657577319177793,6.642985668505324
train,6.154901959985743,5.972446794591098
train,7.742328053455809,6.805617489159709
train,5.3979400086720375,5.7224991189809415
train,6.537602002101044,6.594882520526275
train,5.236572006437063,5.48871171014964
train,6.096910013008056,6.044343701746951
train,4.527243550682788,5.368173662691727
train,7.301029995663981,7.296187656081607
train,7.045757490560675,7.01025472274606
train,8.0,8.042364787892469
train,6.492427464833347,6.401561156540269
train,6.657577319177793,6.64378543422403
train,7.301029995663981,6.966051756461035
train,5.187086643357144,5.261397512435018
train,7.489991487059765,7.522957394659117
train,8.699513552156626,8.530004467783382
train,4.173925197299174,4.511412912128769
train,7.219970872662662,7.040501768732478
train,4.214812579970638,4.4552237065256
train,5.698985205174921,5.795958160408035
train,6.013228265733755,5.490198527538444
train,8.18243463044022,7.99940889009874
train,7.346787486224656,6.830528895107615
train,7.552841968657781,7.599640724572711
train,5.892790030352131,6.09123852386318
train,5.795880017344075,5.993210452051834
train,4.125518182300533,4.804603159673389
train,7.823908740944319,7.444605243006778
train,7.221848749616356,6.7924672336898535
train,5.096910013008056,5.70819433556264
train,4.481486060122113,5.109472608792541
train,6.0,6.3575116166870895
train,6.050609993355087,5.739952204773562
train,7.590010993489406,7.395460086697896
train,4.154901959985743,4.669244961978018
train,6.610924374808178,6.43201610162399
train,8.619788758288394,8.671271594533513
train,4.301029995663981,4.489512533283118
train,5.3872161432802645,5.651927990927855
train,5.568636235841012,5.195898636128069
train,7.077850898954601,6.976573274521937
train,4.1249387366083,4.311102945753469
train,4.985479461242076,5.2390743223621845
train,6.959299339414116,6.736868334068325
train,5.060480747381382,5.029736091123374
train,5.443697499232712,5.287625324007308
train,6.259637310505756,6.166047275775955
train,6.958607314841775,6.95779706169106
train,6.657577319177793,6.867938785186305
train,7.4089353929735005,7.346613669287936
train,7.678921132642886,7.447185901656065
train,5.215382707367125,5.244266666193831
train,4.3979400086720375,4.326750115688471
train,7.777283528852417,7.508040490724509
train,8.152465023828446,8.176134657577663
train,5.920410177937011,5.875138714919838
train,9.096964306605276,8.50823640526233
train,7.958607314841775,7.865219059660685
train,8.0,7.656616399421567
train,4.0,4.8067872757680234
train,6.282495925235798,6.4747075571364725
train,7.301029995663981,6.022070241122779
train,5.088842391260023,5.11868814583398
train,7.823157265648246,7.4612522931596335
train,7.397940008672037,7.147978361334599
train,7.301029995663981,7.0507043950593955
train,6.173925197299173,6.227854695273205
train,5.0,5.443625043267805
train,5.162411561764489,5.388421100301807
train,8.219970872662662,8.365883821696436
train,6.987162775294828,6.920673015128609
train,5.3979400086720375,5.333139008933531
train,5.187086643357144,5.261277380925254
train,6.301029995663981,6.120019218057528
train,5.647817481888637,6.352079937278943
train,4.480172006224281,6.068616023253637
train,7.229147988357855,7.344509619600753
train,7.795880017344075,7.615437436776289
train,7.387216143280264,7.2349366009729845
train,4.73849922680172,5.11499278536515
train,7.0,6.8409704853866895
train,6.387205550990272,6.239381969173081
train,7.0,6.6360721403452265
train,5.0670191780768015,5.170152986303804
train,5.721246399047171,6.10757918392317
train,7.0,6.868248349233915
train,5.096910013008056,5.0195646782800845
train,6.013228265733755,5.891232596157442
train,7.522878745280337,7.009315481107804
train,7.042392712939905,6.927939884532029
train,7.0,7.267200175475934
train,7.075720713938118,7.050559474359306
train,6.141332540833817,5.911481078688189
train,5.221848749616356,5.215790194179437
train,7.323908740944319,7.40702695519098
train,6.2003288113642245,6.162207880580192
train,7.853871964321762,7.599640724572711
train,4.924818145381308,5.036868363818504
train,2.900000000618938,3.1356817738041864
train,6.207608310501746,6.036228553789522
train,6.727965977824862,6.527245519803568
train,6.721246399047171,6.7015741374712
train,6.480743765501632,6.342889273466108
train,8.154901959985743,7.30054550568587
train,6.958607314841775,7.129739548197414
train,8.0,7.612415991897266
train,5.675717544702307,5.93335561014831
train,5.920818753952375,6.0113733140399015
train,8.152465023828446,7.906103887529753
train,8.699513552156626,8.64899084549577
train,4.698970004336019,4.712233178597451
train,7.045757490560675,7.045945867705873
train,7.337242168318426,7.025633990479354
train,5.045757490560675,5.415643615838994
train,7.284832642151542,7.175650048512901
train,7.673008046312965,7.23566809162083
train,7.315154638355588,7.061102427119008
train,4.251811972993799,4.39517198948678
train,4.166852888087215,4.959373762008002
train,4.671416550285798,5.568463415238367
train,6.657577319177793,6.656118514791117
train,5.821954549582578,5.701578036574721
train,4.739928612014925,4.849622673080828
train,8.821891432890133,8.735640669947127
train,4.262489309326524,4.444291677271226
train,4.425968732272281,5.0530234725002
train,6.086186147616283,6.121515517399809
train,6.7697811210384575,6.697826992632624
train,5.920818753952375,5.8871057780897695
train,4.858863909879261,5.3041860439742425
train,7.522878745280337,6.909098981989621
train,7.806875401645538,6.700090532826337
train,7.301029995663981,7.25386551341368
train,8.522878745280337,7.614497269838233
train,7.501689446210399,7.370883769431733
train,5.447331783887806,5.691385204733645
train,6.6020599913279625,6.541065641469505
train,6.484126156288321,6.517449127234145
train,7.045757490560675,7.02484302761448
train,6.769551078621726,6.67621658203661
train,6.065501548756432,6.7924672336898535
train,5.370590400897282,5.969781481329769
train,5.238285979572167,5.403415949283689
train,7.070581074285707,6.743965003435244
train,6.914575898178345,7.0929199669142236
train,8.275724130399212,8.080477891316766
train,5.448550002027124,5.825167457520027
train,6.301029995663981,6.2135818227749215
train,6.638272163982407,6.565347139011476
train,6.6020599913279625,6.665287427460836
train,4.494850021680094,5.287625324007308
train,6.920402953422224,6.813459397003903
train,5.563837352959244,5.563599456431174
train,7.376750709602099,6.845857460047929
train,7.397940008672037,7.162205140143002
train,5.853871964321762,6.004713441987481
train,8.698970004336019,8.148309070235856
train,6.657577319177793,6.657340554197697
train,5.823908740944319,5.823147753814722
train,6.173925197299173,6.226680336367796
train,8.699513552156626,8.466442195063708
train,6.97061622231479,7.061811706612927
train,7.0,6.635320707834273
train,6.0,6.941863349447591
train,7.521435901161594,7.445755277282688
train,6.568636235841012,6.438072014774741
train,6.3989684610221484,6.813459397003903
train,4.180456064458132,4.362439554567248
train,3.534914712442567,3.8692836803741035
train,7.251811972993799,7.161001101672006
train,8.521435901161594,8.480242577544056
train,6.244887733604928,6.507624587843303
train,4.4089353929735005,4.584254310541526
train,7.823908740944319,8.078310767018964
train,5.962573502059376,5.959231793757882
train,3.6020599913279625,3.751248823912674
train,6.301029995663981,5.894748491233525
train,3.304086422363305,3.3864461072457144
train,8.0,7.568029214071606
train,4.61261017366127,4.89533405082708
train,6.958607314841775,6.928263035695284
train,5.335358024443874,5.366205909931364
train,6.147520006363143,5.992167516478816
train,6.601028822700004,6.500139025955813
train,6.657577319177793,6.406971133432381
train,6.958607314841775,6.4047795794732725
train,5.154901959985743,5.026017763192081
train,7.769806696356897,7.766777374188875
train,7.482804102050026,7.309984277131132
train,5.970809102231078,5.577676675112897
train,4.982549270489464,4.987252276416168
train,7.070581074285707,7.070140395420569
train,7.322393047279506,7.3032395158695405
train,5.570247719997592,5.45618482249489
train,6.021915784762318,5.875022465236598
train,7.823908740944319,7.8798684164531565
train,6.366531544420413,6.701453229555628
train,6.494822879971297,6.4154877988070975
train,5.507239610973162,5.456810454082917
train,2.33999999963408,3.3426025574834908
train,7.678273661756906,7.004950320111089
train,7.366531544420413,7.405673185211438
train,6.275724130399211,6.148891446053808
train,6.075720713938118,6.138692693781572
train,5.200659450546418,5.707007641536927
train,6.520479303839453,6.455325969273921
train,4.988006885340743,5.138392928432706
train,7.220909811139509,7.212937912632562
train,7.050609993355087,6.909543839144
train,6.099641460858807,6.1968139079079485
train,7.552841968657781,7.674871566319578
train,5.517399149487044,5.7343906201826105
train,6.342466112442014,6.445623407974105
train,4.241390857340257,4.661312539091569
train,4.326979092871104,4.936147854158003
train,7.0,7.515700625958741
train,4.853871964321762,4.868874715459841
train,6.469263204944301,6.49149572929184
train,5.079354998593212,5.2585740998842345
train,6.744715431496177,6.464321440949058
train,5.735091324599267,5.717299561530282
train,6.740000204918113,6.346112779301191
train,4.958607314841775,5.590474399832679
train,6.259637310505756,6.383410288769878
train,6.552841968657781,6.553191086492812
train,7.0,6.9995120089504566
train,6.657577319177793,6.65871723338139
train,6.585026652029182,6.588786593085256
train,7.080921907623926,7.08690449035678
train,5.161790233185344,5.377054113335085
train,7.0,6.724750703220804
train,6.031517051446064,6.083198483499679
train,4.229147988357856,4.741360167737854
train,7.200659450546418,6.898249912043454
train,5.096367483915762,5.168743038320665
train,6.853871964321762,7.284827659381794
train,5.140261433802853,5.440188445492317
train,7.0,6.886247350091488
train,5.962573502059376,5.957696713198217
train,7.698970004336019,7.143146619825117
train,4.265040238727555,4.366269917925259
train,5.642065152999546,5.5185630373321555
train,7.0,6.937739774567214
train,6.552841968657781,6.502803496828049
train,6.552841968657781,6.552841968657745
train,9.552919535095809,9.659712440752138
train,6.552841968657781,6.552841968657745
train,3.4919581103248265,3.464129491999899
train,4.684029654543083,5.403688290079508
train,5.471083299722345,5.724606963839561
train,6.468521082957745,6.344258862941411
train,6.047878973850376,6.278102861676987
train,5.279014255846261,5.876810461347379
train,4.920818753952375,4.957148406928732
train,6.888036676436635,7.702023055417914
train,8.221848749616356,7.875404649579462
train,6.065501548756432,6.415854503109913
train,6.552841968657781,6.549537930958837
train,5.958607314841775,6.423368856933743
train,7.3585258894959,7.2008899722281905
train,8.408507516498208,8.215876638455665
train,7.301029995663981,6.9049362982776215
train,7.0,6.964711946927324
train,4.309803919971486,4.598287479888507
train,6.797939075968737,6.545063566882106
train,6.562249437179612,5.91569167343057
train,5.161780778092375,5.130663833342066
train,8.301029995663981,9.48384328078017
train,6.309803919971486,6.186979534124878
train,6.455931955649724,6.6534242635083505
train,4.592949185195749,4.865579703888105
train,7.888070392334685,7.368172385750918
train,8.397940008672037,8.078310767018964
train,5.353598234483218,5.573682669205782
train,6.455931955649724,6.635456872638446
train,7.920457143142827,7.615532875952246
train,6.769551078621726,6.269672553662225
train,6.6777807052660805,6.644969744302555
train,5.958607314841775,5.9813870786237
train,5.872895201635192,5.957651996476972
train,5.688222836588247,5.696239630032655
train,7.2247537402597635,7.256893275692662
train,5.251811972993799,5.304962332265214
train,6.570247719997592,6.848854032166467
train,6.130768280269024,5.974213252816444
train,6.2441251443275085,6.0699619408924494
train,8.152465023828446,7.817410074636355
train,6.698970004336019,6.128376735334192
train,7.568636235841012,6.651803016274912
train,7.0,6.952867677886076
train,7.229147988357855,7.0489594440478305
train,6.851941753915143,6.841678556806412
train,3.572792542086939,3.8229196241051464
train,4.462180904926726,4.38817088837307
train,5.823955070631064,5.74009692254159
train,3.5594057381601694,3.5734307919402832
train,6.698970004336019,6.320301121661796
train,6.292217038739567,6.084468148991101
train,5.7281583934635005,5.648568792971007
train,5.542118103266008,5.49729211185237
train,4.499997314990965,5.680576540698237
train,4.29073003902417,4.945360787481524
train,7.4800408192479315,7.4274428223353075
train,6.568636235841012,6.59749890543757
train,6.97469413473523,7.079347683972701
train,5.0,5.340217898866714
train,8.0,7.645237994455574
train,5.492424780623096,5.6389491533074105
train,6.130181792020672,6.197208226184665
train,6.677894478859408,6.360545643497431
train,4.096910013008056,4.581524589353631
train,7.507239610973162,7.328983389787409
train,5.585026652029182,5.573173205340618
train,5.586700235918748,5.689884055627103
train,7.366531544420413,6.7924672336898535
train,8.601020178131403,8.440018707864187
train,5.214670164989233,5.325765342910247
train,6.096910013008056,6.333007472019909
train,5.7447274948966935,5.740234399721528
train,6.027616824278224,5.893522657757492
train,8.154901959985743,7.816450969395148
train,5.853871964321762,5.94767613732381
train,5.221848749616356,5.517622400449849
