feature,pubchem_bit,permutation_importance_mean,permutation_importance_std
PubchemFP385,385,0.18206860103000294,0.032029188561008226
PubchemFP712,712,0.045209624013044444,0.009844782567472106
PubchemFP192,192,0.037946660787667154,0.0065564734432145555
PubchemFP561,561,0.03211586251772678,0.012176449752364425
PubchemFP147,147,0.024612479762354023,0.01062232877469962
PubchemFP422,422,0.02444890079265124,0.005607675331662558
PubchemFP688,688,0.024136321307275842,0.006847143755427211
PubchemFP193,193,0.023631738912288314,0.003507984002947072
PubchemFP299,299,0.021120537240655622,0.0027292347695786322
PubchemFP399,399,0.019830781627396987,0.0016204751876576404
PubchemFP420,420,0.016020974717001656,0.005394218133438161
PubchemFP576,576,0.015032913880207865,0.003737057667149866
PubchemFP667,667,0.013296216758809164,0.008632749109251098
PubchemFP16,16,0.01218075028748663,0.004221812531924347
PubchemFP715,715,0.011745571133110644,0.003640893507486
PubchemFP24,24,0.01135574618939188,0.004952490880372661
PubchemFP778,778,0.00971791057842455,0.0028103076825152853
PubchemFP530,530,0.007645753254612786,0.003597214239895507
PubchemFP593,593,0.007635632253009073,0.0017862165917370324
PubchemFP468,468,0.0068576608143427475,0.0022997326478305844
PubchemFP261,261,0.006333041839138987,0.0013169525096422081
PubchemFP349,349,0.005925034023504039,0.0015711741304244664
PubchemFP656,656,0.005740019356919368,0.005672411299385262
PubchemFP571,571,0.005564887496712934,0.000803955905436341
PubchemFP33,33,0.00502851810014372,0.0015239586587859424
PubchemFP500,500,0.004192825035683611,0.0016385101104408088
PubchemFP363,363,0.00414972640639053,0.0035298969298072176
PubchemFP609,609,0.004019365761177063,0.0004999480832923113
PubchemFP682,682,0.0038919123904334386,0.003284678288416464
PubchemFP617,617,0.003880773231590429,0.0031114561666569503
PubchemFP184,184,0.0036477371169484907,0.004009612895753378
PubchemFP516,516,0.0035420060191366566,0.0012116124900970614
PubchemFP259,259,0.0033142809771931512,0.0022495226811645687
PubchemFP14,14,0.003283279890127766,0.00042180599081738954
PubchemFP25,25,0.00307243220356751,0.00043513538563378593
PubchemFP13,13,0.0030231493022501166,0.0011921968479690803
PubchemFP338,338,0.0029784856310319683,0.0008858663391136266
PubchemFP698,698,0.002868863717092196,0.0018306668295795924
PubchemFP539,539,0.002866518000833096,0.0016085935100516222
PubchemFP758,758,0.002772554001948668,0.0013523635963005177
PubchemFP374,374,0.0027130716350538655,0.0009687891412939535
PubchemFP663,663,0.002696360134530029,0.0006465512970819041
PubchemFP20,20,0.002546593319622015,0.004967693853779494
PubchemFP592,592,0.0024674393991367394,0.0012991947626321144
PubchemFP153,153,0.0024558383142989195,0.0013919014501314806
PubchemFP725,725,0.0021611149091349978,0.0006598676686484872
PubchemFP386,386,0.002131862257044681,0.001059334761932619
PubchemFP143,143,0.0019718723639697623,0.0022184211127176563
PubchemFP533,533,0.0019484904445725038,0.0009313410313345495
PubchemFP738,738,0.0018927463814989664,0.0007603185174429564
PubchemFP553,553,0.0018679613415544915,0.0015550479914418
PubchemFP300,300,0.001854518536330807,0.0012833068360915277
PubchemFP377,377,0.001785489195649248,0.0010741587616730063
PubchemFP38,38,0.0017337355510366637,0.0009388859932241203
PubchemFP483,483,0.0017180543859335097,0.0019589414186034645
PubchemFP601,601,0.001571319260759285,0.0005502624701404023
PubchemFP393,393,0.0015083762871162976,0.0006620079745501962
PubchemFP622,622,0.0014602201058425911,0.0007967470513730864
PubchemFP621,621,0.0014565887381600584,0.0004142436670837001
PubchemFP459,459,0.0013885972771791265,0.0008393781956285131
PubchemFP15,15,0.0013710766796519059,0.0012365986545140426
PubchemFP480,480,0.0012774786276702477,0.0004404646798429931
PubchemFP586,586,0.0012561791872232719,0.0007564108212370245
PubchemFP513,513,0.0012495707068651773,0.0005565657836842959
PubchemFP540,540,0.0012274770710519523,0.0008355029473644894
PubchemFP639,639,0.0012179605050204989,0.001416010339042934
PubchemFP421,421,0.0012168533664405957,0.000458535982098991
PubchemFP636,636,0.0012056810726317146,0.0005792906708380123
PubchemFP519,519,0.0011445022674476224,0.00015625221485114822
PubchemFP515,515,0.0011318466617792565,0.0010667374173866497
PubchemFP729,729,0.0010939997848705475,0.0005696181409237042
PubchemFP379,379,0.0010671517062743273,0.0001733761391093891
PubchemFP457,457,0.00105556274259615,0.0005581795107620913
PubchemFP710,710,0.0010185042469136873,0.0005182111309228065
PubchemFP496,496,0.0009864144669719742,0.0008066471495249911
PubchemFP339,339,0.0009824946689366509,0.0003315965256217859
PubchemFP631,631,0.0009649969588894303,0.0002018289964394952
PubchemFP646,646,0.00093109688361942,0.0009233652933750213
PubchemFP432,432,0.0009036776916987122,0.0009736738173227233
PubchemFP389,389,0.0008951241084452111,0.0001219970461908497
PubchemFP375,375,0.0008170247562075738,0.00015321311267904152
PubchemFP616,616,0.0008099492930382146,0.00018132889289623663
PubchemFP590,590,0.0007896867688041209,0.0005783478142304645
PubchemFP596,596,0.0007896725870359056,7.72720730149596e-05
PubchemFP567,567,0.000740979129773256,0.00017037622124898842
PubchemFP412,412,0.0007379171781608962,0.0005667896506002088
PubchemFP777,777,0.0007321275389547855,0.0005228885325822086
PubchemFP504,504,0.0007114594650358463,0.00011991825697074248
PubchemFP417,417,0.0006989756460880181,0.0002469096628889618
PubchemFP340,340,0.0006890266684381307,0.0007340670460455076
PubchemFP536,536,0.000678806736535853,0.0007545777071614865
PubchemFP523,523,0.0006741824252587847,0.0006573974622994257
PubchemFP406,406,0.0006628293440809286,0.0010986055372881462
PubchemFP148,148,0.0006592290262119272,0.000606716943765119
PubchemFP150,150,0.0006542132924374333,0.000280958734597166
PubchemFP662,662,0.000647419114689085,0.00020432109815563435
PubchemFP436,436,0.0006449560052292247,0.0014717380224679025
PubchemFP503,503,0.0006395836818021916,0.0008584517483681487
PubchemFP450,450,0.000638805913445395,0.0001129697542107722
PubchemFP37,37,0.0006385195718967118,0.0005668746763934931
PubchemFP714,714,0.0006353552263863804,0.0007016802855475405
PubchemFP414,414,0.0006090943271872318,0.0004267038041874915
PubchemFP366,366,0.0005922049664007667,0.0007700914101128615
PubchemFP528,528,0.0005661466618822053,0.0003269205336297646
PubchemFP484,484,0.0005530776004466387,0.00012091451304041185
PubchemFP442,442,0.0005456114163920889,0.0004053267027793405
PubchemFP708,708,0.0005325210837484939,5.5515270715699396e-05
PubchemFP335,335,0.0005274234051824145,0.0008080583128584014
PubchemFP362,362,0.0005212175232288229,0.0002586536132663147
PubchemFP465,465,0.0005161187680808755,0.0005296013439208705
PubchemFP575,575,0.0005024733024044936,7.697000821484467e-05
PubchemFP285,285,0.0004978420668537153,0.00022470000345265967
PubchemFP597,597,0.0004957136010148688,0.0005925961535018354
PubchemFP333,333,0.00049299440589049,8.104260336176085e-05
PubchemFP353,353,0.00046763976002783814,0.00021688588069845171
PubchemFP600,600,0.00044822637586187095,0.0007034525981699971
PubchemFP560,560,0.00044517300073363406,0.00018560176107999558
PubchemFP391,391,0.0004419375915847068,0.0011493145914600392
PubchemFP761,761,0.0004248226608682515,0.00015910775390733624
PubchemFP461,461,0.0004168450806872448,0.0003965595750000321
PubchemFP390,390,0.0003834820109440584,0.0009373226149216328
PubchemFP551,551,0.0003738414016499658,0.00021227306645058957
PubchemFP471,471,0.00037212138925841743,0.0010797802432577558
PubchemFP195,195,0.0003703288781792824,1.103128152673358e-05
PubchemFP764,764,0.000366119606415527,9.184719406065182e-05
PubchemFP430,430,0.000364744053770083,7.536201141320063e-05
PubchemFP2,2,0.0003512305391131676,0.004436992662222286
PubchemFP462,462,0.0003492610768090265,3.432935173504545e-05
PubchemFP674,674,0.00034748715733938783,0.00015839977506806134
PubchemFP493,493,0.00032764883365278276,0.0014292044746107885
PubchemFP623,623,0.00032419227210876976,0.001002970317191665
PubchemFP577,577,0.00031432398138199203,0.0030672392106849845
PubchemFP305,305,0.0003085257346129744,0.0016209880244337897
PubchemFP443,443,0.00030736407757968597,0.0005472154771518675
PubchemFP585,585,0.00030710452994127114,0.00027329958517975135
PubchemFP534,534,0.0003037839547007204,4.3598049176526077e-05
PubchemFP659,659,0.0002985357662078192,0.0005118343381655028
PubchemFP505,505,0.00029021375494558965,0.00021005232365403474
PubchemFP342,342,0.000288269170174138,0.00033622830630245377
PubchemFP487,487,0.00028162934814475183,0.0002957479253538512
PubchemFP392,392,0.000279645484472657,0.0010067049247734184
PubchemFP676,676,0.0002785892054045336,5.7660850230136275e-05
PubchemFP367,367,0.00027644414864422815,5.366090469867687e-05
PubchemFP479,479,0.00027600256521612685,8.171829447598676e-05
PubchemFP538,538,0.00027366890572734227,0.00034906701093011206
PubchemFP460,460,0.00026591461075402555,0.0001016831869458804
PubchemFP700,700,0.00026427071717392,6.242524449299096e-05
PubchemFP152,152,0.00025957240759487686,0.00013751641561331535
PubchemFP358,358,0.00025888079338380886,0.00022391995219069608
PubchemFP149,149,0.0002583443061907609,0.0007548538449080533
PubchemFP293,293,0.0002572660943494509,0.00031161164203834365
PubchemFP645,645,0.00025691171069917027,0.0001423481467420245
PubchemFP404,404,0.0002509328356930185,0.00017068542298038762
PubchemFP685,685,0.0002482840571691902,0.00044199425681999954
PubchemFP43,43,0.0002478039610293803,0.00025711703909024126
PubchemFP671,671,0.00024501856914903585,0.0005208740297025235
PubchemFP387,387,0.00024306053672478177,0.0002475594070539761
PubchemFP654,654,0.00023093131803425537,0.00018379734504844056
PubchemFP554,554,0.00021296399489968422,0.00023299112916163182
PubchemFP583,583,0.00021088643050126699,0.0001504074095606034
PubchemFP492,492,0.00021071508714285426,0.00012105411751706689
PubchemFP563,563,0.00020327500069398097,5.6568147836751336e-05
PubchemFP12,12,0.00019971967795300304,0.0009991008607629847
PubchemFP188,188,0.000197030613503546,0.00047451772664508783
PubchemFP343,343,0.0001953148764178625,3.1502554736976645e-06
PubchemFP737,737,0.00019469712249396974,0.0006074600253755977
PubchemFP544,544,0.0001921778909940941,8.233439017150492e-05
PubchemFP474,474,0.00018991471102332015,8.192753877447552e-05
PubchemFP194,194,0.00018986115665813318,6.94639670186724e-06
PubchemFP605,605,0.00018971833420072803,5.487922095359056e-05
PubchemFP740,740,0.00018891020253546386,2.2361016250194185e-05
PubchemFP565,565,0.00018351561610768785,0.00016175778578153975
PubchemFP327,327,0.00018052222387032746,0.00029941721560269554
PubchemFP508,508,0.00017956414846718172,0.00019596570826247952
PubchemFP258,258,0.00017767187842074872,0.0004868326813095915
PubchemFP647,647,0.00017391392769107173,0.0002585605334827285
PubchemFP643,643,0.00017226617190350125,0.0007180428912053704
PubchemFP494,494,0.0001722540326184241,0.00030968395134319004
PubchemFP499,499,0.0001720305466757499,8.81007955636784e-05
PubchemFP356,356,0.00016986759371336868,3.686756441973882e-05
PubchemFP495,495,0.00016623724749538217,0.0001214187479512462
PubchemFP144,144,0.00016303526526650902,0.0008235803467202643
PubchemFP330,330,0.0001609734570438448,0.0001902618160256049
PubchemFP638,638,0.00016053786360646914,0.0010619249873278656
PubchemFP531,531,0.00015855956308724606,0.00023922622700276185
PubchemFP709,709,0.00015577823652634937,0.00017578475497050103
PubchemFP630,630,0.00014963905785402297,2.9233278143839472e-05
PubchemFP763,763,0.0001450122191218317,2.7452221046241333e-05
PubchemFP439,439,0.00014335382865080515,0.0003769614438639441
PubchemFP466,466,0.0001427673993505074,0.0001894095980487354
PubchemFP773,773,0.00014042163086464,3.136507961070029e-05
PubchemFP187,187,0.00012746713075267868,0.00014159058241611046
PubchemFP419,419,0.0001259121508496497,0.00015794298146099836
PubchemFP526,526,0.00012329341295229667,5.963414164352374e-05
PubchemFP675,675,0.00012151280707493051,0.00017826678971344473
PubchemFP707,707,0.00011954393812846353,0.00038207456218559526
PubchemFP672,672,0.000118977894132688,0.00036378469895533895
PubchemFP521,521,0.00011762924542914055,0.0005458288416076302
PubchemFP22,22,0.00010797721654943748,1.986505692147157e-06
PubchemFP555,555,0.0001046482017471817,0.0003664572993009567
PubchemFP180,180,0.00010377188538830406,0.0007623667571426529
PubchemFP532,532,9.955504058397623e-05,0.00033994463699699385
PubchemFP610,610,9.938056301936893e-05,9.308518654055978e-05
PubchemFP819,819,8.846263109891783e-05,0.0004935980502311043
PubchemFP395,395,8.776015476869015e-05,0.00028769681580005196
PubchemFP472,472,8.658197089442821e-05,0.0002238887658061063
PubchemFP129,129,8.587584515449276e-05,3.2948215018996684e-05
PubchemFP155,155,8.489130496494023e-05,2.259784230218084e-05
PubchemFP750,750,8.36137851431551e-05,8.998857223448711e-05
PubchemFP476,476,8.005527800736267e-05,0.00016978729736011035
PubchemFP705,705,7.928110977749592e-05,0.00010574681138213336
PubchemFP382,382,7.19666451501344e-05,0.00017228586499517604
PubchemFP718,718,7.161121767169653e-05,0.00017154424576162804
PubchemFP742,742,6.737427144738461e-05,1.073832106484375e-05
PubchemFP486,486,6.497725065941484e-05,4.5649383943223503e-05
PubchemFP652,652,6.298052699343915e-05,0.0004438293922304068
PubchemFP371,371,6.072195022631677e-05,2.265040156651806e-05
PubchemFP860,860,6.014780859934232e-05,2.0395330099108787e-05
PubchemFP690,690,5.99662602594031e-05,7.21544388732399e-05
PubchemFP739,739,5.7961190294619766e-05,3.704246724599056e-05
PubchemFP791,791,5.790396349500959e-05,2.2839130651871808e-05
PubchemFP347,347,5.649733228720866e-05,1.2234941532749557e-05
PubchemFP695,695,5.4449268395351245e-05,0.0001632711446408427
PubchemFP545,545,5.343717490156052e-05,0.00020761060778161058
PubchemFP30,30,5.3313452460357344e-05,3.1111176734110075e-05
PubchemFP546,546,5.307704832160365e-05,0.0003785388091822748
PubchemFP762,762,5.290348561077795e-05,1.5370023514703243e-05
PubchemFP756,756,5.144066194359143e-05,0.0004215272319943777
PubchemFP704,704,5.064949329600665e-05,0.0008520381152919414
PubchemFP328,328,4.780125414434177e-05,0.00013278223384694286
PubchemFP625,625,4.70582653781193e-05,0.00013016686617243103
PubchemFP824,824,4.590482404123186e-05,3.830887295557909e-05
PubchemFP580,580,4.4820569352810315e-05,0.0003159789890699855
PubchemFP595,595,4.457127392198945e-05,1.3667467001335722e-05
PubchemFP451,451,4.236156602622776e-05,0.0004841456754649569
PubchemFP380,380,4.108086200032002e-05,0.00048000628959554324
PubchemFP582,582,4.017843025724277e-05,1.563226971720095e-05
PubchemFP423,423,3.7002373198757876e-05,8.989706155308206e-05
PubchemFP727,727,3.53750577568257e-05,5.572860377287374e-05
PubchemFP684,684,3.476266445262555e-05,0.00021555780300758256
PubchemFP730,730,3.378820226564994e-05,3.484438109716675e-05
PubchemFP17,17,3.365455768012948e-05,1.9578416502994957e-05
PubchemFP199,199,3.363218852238114e-05,0.0003191451282300393
PubchemFP517,517,3.304563540738048e-05,8.135470945495813e-05
PubchemFP185,185,3.297960724621962e-05,0.0002664603813854548
PubchemFP728,728,3.2829167182668595e-05,1.8054151500909552e-05
PubchemFP640,640,3.100287825812398e-05,4.021036250869287e-05
PubchemFP757,757,3.0729181248856374e-05,0.0011659383604101208
PubchemFP723,723,2.9938972422838274e-05,3.339992294446423e-05
PubchemFP701,701,2.9322717532187514e-05,4.6220642580930775e-05
PubchemFP755,755,2.929340540328562e-05,0.0005001971365872571
PubchemFP568,568,2.7030299276087355e-05,7.968416268204644e-05
PubchemFP376,376,2.5974628376157493e-05,0.0001256149034157959
PubchemFP470,470,2.4211578965060988e-05,7.325940730151018e-06
PubchemFP584,584,2.2162604800146646e-05,9.217468979759676e-06
PubchemFP206,206,2.1079518890232406e-05,4.8525395719816596e-05
PubchemFP547,547,2.101161949101815e-05,5.522551898901645e-05
PubchemFP557,557,2.0961374863170956e-05,2.8203927344110946e-05
PubchemFP653,653,2.0095199118408404e-05,3.290621540607015e-05
PubchemFP473,473,1.8393534690941403e-05,0.0002656117693413477
PubchemFP599,599,1.768276711865413e-05,9.529639771814446e-06
PubchemFP628,628,1.5187827993490278e-05,0.00017020910589399593
PubchemFP18,18,1.516185939429704e-05,5.771407044020129e-05
PubchemFP256,256,1.505396652444757e-05,0.0008641129396317103
PubchemFP570,570,1.4776665728155613e-05,9.37146506431477e-06
PubchemFP337,337,1.4461973288448782e-05,0.0002115827100150111
PubchemFP355,355,1.3677667110079117e-05,2.567546932754818e-06
PubchemFP669,669,1.2725973395655288e-05,3.066593858451066e-05
PubchemFP679,679,1.15352549295622e-05,8.892911682011798e-05
PubchemFP46,46,9.778360225287664e-06,5.608478718843054e-05
PubchemFP767,767,8.077606018996874e-06,2.466429106135842e-05
PubchemFP488,488,7.732961256468051e-06,2.0481040391496713e-05
PubchemFP760,760,7.29705082770371e-06,9.864515148779283e-06
PubchemFP413,413,5.05087734813392e-06,3.0076261603764734e-05
PubchemFP370,370,4.51026372525476e-06,2.1646357111653663e-05
PubchemFP706,706,3.4089064016473715e-06,7.80816453339821e-06
PubchemFP497,497,2.6703288182328144e-06,4.7126984083524144e-05
PubchemFP535,535,1.6807792149409196e-06,0.0004695864243720538
PubchemFP726,726,8.64899385943918e-07,4.891625724334032e-06
PubchemFP157,157,1.8247509483426683e-07,4.151343980443473e-06
PubchemFP47,47,8.881784197001253e-17,1.0877919644084148e-16
PubchemFP743,743,8.881784197001253e-17,1.0877919644084146e-16
PubchemFP731,731,8.881784197001253e-17,1.0877919644084148e-16
PubchemFP39,39,6.661338147750939e-17,1.0175362097255201e-16
PubchemFP863,863,6.661338147750939e-17,1.0175362097255201e-16
PubchemFP6,6,6.661338147750939e-17,1.0175362097255201e-16
PubchemFP753,753,6.661338147750939e-17,1.0175362097255204e-16
PubchemFP207,207,6.661338147750939e-17,1.0175362097255204e-16
PubchemFP481,481,6.661338147750939e-17,1.4217791915866693e-16
PubchemFP770,770,4.4408920985006264e-17,8.881784197001254e-17
PubchemFP751,751,4.4408920985006264e-17,8.881784197001254e-17
PubchemFP11,11,4.4408920985006264e-17,8.881784197001254e-17
PubchemFP336,336,4.4408920985006264e-17,8.881784197001254e-17
PubchemFP159,159,4.4408920985006264e-17,8.881784197001254e-17
PubchemFP458,458,4.4408920985006264e-17,8.881784197001254e-17
PubchemFP428,428,4.4408920985006264e-17,8.881784197001254e-17
PubchemFP720,720,4.4408920985006264e-17,8.881784197001254e-17
PubchemFP416,416,4.4408920985006264e-17,8.881784197001254e-17
PubchemFP122,122,2.2204460492503132e-17,6.66133814775094e-17
PubchemFP840,840,2.2204460492503132e-17,6.66133814775094e-17
PubchemFP213,213,2.2204460492503132e-17,6.66133814775094e-17
PubchemFP183,183,2.2204460492503132e-17,6.66133814775094e-17
PubchemFP164,164,2.2204460492503132e-17,6.66133814775094e-17
PubchemFP741,741,2.2204460492503132e-17,6.66133814775094e-17
PubchemFP118,118,2.2204460492503132e-17,6.66133814775094e-17
PubchemFP478,478,2.2204460492503132e-17,6.66133814775094e-17
PubchemFP332,332,0.0,0.0
PubchemFP248,248,0.0,0.0
PubchemFP768,768,0.0,0.0
PubchemFP861,861,-7.934178447577267e-09,1.3307614224839932e-06
PubchemFP648,648,-4.2762405361163046e-08,1.2828721608348916e-07
PubchemFP587,587,-5.170866071879665e-07,5.978733960283317e-17
PubchemFP66,66,-6.487599922833098e-07,6.00003123111629e-08
PubchemFP490,490,-9.977764825697123e-07,5.990925991114561e-07
PubchemFP160,160,-1.0006997715583666e-06,2.371597515975521e-06
PubchemFP754,754,-1.1199279866036526e-06,5.629350506371663e-07
PubchemFP446,446,-1.7280340147696194e-06,3.719392417900091e-06
PubchemFP634,634,-2.0397018083539996e-06,1.8341681454393593e-06
PubchemFP562,562,-2.200712754807377e-06,6.6021382645701605e-06
PubchemFP524,524,-2.9102927896262897e-06,1.8604432538907857e-06
PubchemFP687,687,-3.273292644223602e-06,3.532545402862297e-08
PubchemFP765,765,-3.4566889103970764e-06,2.048093844109932e-06
PubchemFP541,541,-5.437203935643176e-06,6.843375298975375e-05
PubchemFP409,409,-8.271242756296982e-06,7.152374595188467e-05
PubchemFP463,463,-9.233954397125377e-06,3.3306690745647866e-17
PubchemFP260,260,-1.0034670402037094e-05,1.4298272382513598e-05
PubchemFP401,401,-1.0524144185075635e-05,0.00010469990081788846
PubchemFP818,818,-1.1618909886634832e-05,0.0006570426133228035
PubchemFP650,650,-1.1674750174206493e-05,6.683618856142965e-05
PubchemFP329,329,-1.2378350655228853e-05,5.641150441929958e-06
PubchemFP403,403,-1.3782252580618604e-05,0.00016099809562954888
PubchemFP200,200,-1.4184700569663811e-05,6.673708145679679e-05
PubchemFP429,429,-1.4475318048212671e-05,8.485362593479564e-05
PubchemFP635,635,-1.4617258068760908e-05,1.2804457976040554e-05
PubchemFP44,44,-1.5846125267082735e-05,3.94334533634753e-05
PubchemFP445,445,-1.7685544968959466e-05,0.0003528274738843166
PubchemFP434,434,-1.7704928122919128e-05,4.050949066901594e-06
PubchemFP511,511,-1.919593848304091e-05,4.542615947649689e-05
PubchemFP736,736,-2.0797527104920998e-05,2.3566406438440345e-05
PubchemFP437,437,-2.2010323697840838e-05,0.0008137783498556558
PubchemFP384,384,-2.223386253873416e-05,2.814240909260559e-05
PubchemFP578,578,-2.4869420652806616e-05,1.4390334183039327e-05
PubchemFP694,694,-2.603467941793003e-05,2.976865373607117e-05
PubchemFP19,19,-2.609113231741844e-05,0.0009952567746706652
PubchemFP618,618,-2.620001008309947e-05,8.632873937052224e-06
PubchemFP611,611,-2.644252536301295e-05,0.00014782163175615067
PubchemFP624,624,-2.687517925853422e-05,0.00015910109199387964
PubchemFP178,178,-2.9689338869931525e-05,1.1349919172390573e-05
PubchemFP606,606,-3.038065719832561e-05,5.68415383884293e-05
PubchemFP693,693,-3.492232428550235e-05,0.0001371018344089441
PubchemFP453,453,-3.49536204822809e-05,0.00020401924960020446
PubchemFP602,602,-3.686024234345053e-05,0.00041341962602317416
PubchemFP549,549,-3.768767434159104e-05,8.571447488611707e-05
PubchemFP255,255,-4.019302771443023e-05,1.3669037329182906e-05
PubchemFP179,179,-4.6062216217079845e-05,0.00018057618964529795
PubchemFP301,301,-4.763266519446363e-05,0.00039050794108018997
PubchemFP514,514,-4.797898788092558e-05,0.0003459546544178699
PubchemFP803,803,-4.883372847162004e-05,1.136452593657794e-05
PubchemFP34,34,-5.137222762349181e-05,0.0004835826391128796
PubchemFP1,1,-5.143042565639577e-05,5.220335630363595e-05
PubchemFP550,550,-5.2735118504287914e-05,0.0003599650834262237
PubchemFP454,454,-5.616028076194102e-05,0.00014116717826423178
PubchemFP771,771,-6.389484222588671e-05,5.58523664219484e-05
PubchemFP749,749,-6.71863291698438e-05,9.741651831243892e-06
PubchemFP510,510,-7.903108984400609e-05,7.537558717572612e-05
PubchemFP612,612,-8.075117885253391e-05,0.001129226827125824
PubchemFP383,383,-8.417845154891079e-05,0.00026009847238354797
PubchemFP518,518,-8.573640314273323e-05,0.0003414521440635238
PubchemFP569,569,-8.64539669554798e-05,0.0002313094260434393
PubchemFP573,573,-8.83863878827107e-05,0.00034897824094262165
PubchemFP491,491,-8.945116615832749e-05,0.00023370476294672072
PubchemFP397,397,-9.059305454804934e-05,0.0002071567880898271
PubchemFP498,498,-9.070912981021806e-05,0.00021527691707727114
PubchemFP394,394,-9.196519870479092e-05,0.00012924384468402425
PubchemFP449,449,-9.24069886727108e-05,0.00016088022989184644
PubchemFP746,746,-9.60631904101894e-05,5.1115444370151516e-05
PubchemFP502,502,-9.644080425176282e-05,0.0003528354004718205
PubchemFP691,691,-0.00010139293191792076,0.0004088095023046352
PubchemFP365,365,-0.0001025024737499769,0.0006884031461818442
PubchemFP594,594,-0.00010447324082599741,0.0002945455344342016
PubchemFP607,607,-0.00010476548469610104,0.00014821249068082873
PubchemFP722,722,-0.00010781588627023497,5.9852568794895206e-05
PubchemFP464,464,-0.00011687449667799888,0.00020731780920010568
PubchemFP633,633,-0.00012142828354567703,5.3873558060760117e-05
PubchemFP373,373,-0.00013163195896648272,0.00016688905265730154
PubchemFP735,735,-0.00014077717635765374,0.0003099112972887031
PubchemFP589,589,-0.0001472072503114763,0.0001527045318710208
PubchemFP543,543,-0.00014830991247942736,4.768692493546995e-05
PubchemFP3,3,-0.00015297474994605543,0.0005368832923830653
PubchemFP651,651,-0.000154432488552958,0.00013019828337669534
PubchemFP548,548,-0.00016768824188734266,0.0001700529050518062
PubchemFP566,566,-0.00017163341919625985,0.0004527783413230419
PubchemFP501,501,-0.0001724336776657842,0.000374932010997386
PubchemFP604,604,-0.00017874321247840497,0.00021156488390049806
PubchemFP116,116,-0.00018003075740680163,0.0006670188469973721
PubchemFP581,581,-0.0001886165877573287,6.780862441647718e-05
PubchemFP588,588,-0.0001947578166896058,0.00015284138104080508
PubchemFP689,689,-0.00019784781439387001,0.00021829677629360425
PubchemFP629,629,-0.00020251459033870933,0.0002703606462919578
PubchemFP489,489,-0.00020536620710343012,6.662719467716809e-05
PubchemFP821,821,-0.00021208421448749571,0.0007836174092223287
PubchemFP181,181,-0.00021281695041961424,0.002078258302669522
PubchemFP752,752,-0.00021566444566183395,0.00013071940950311998
PubchemFP655,655,-0.00021953727169858882,0.00033531621937921754
PubchemFP613,613,-0.00022131861919775231,0.0003712925287481438
PubchemFP257,257,-0.00022300599477339533,0.00034342272045408514
PubchemFP146,146,-0.0002281463807129902,0.0006662214141850781
PubchemFP703,703,-0.00022861875387316654,0.00022674858754197498
PubchemFP559,559,-0.0002330631068557243,5.7234371537291785e-05
PubchemFP485,485,-0.00023362697227889971,6.364330979807211e-05
PubchemFP686,686,-0.0002507073772729185,0.00013182345482478858
PubchemFP658,658,-0.00026278051167638594,0.00037345809012107175
PubchemFP574,574,-0.0002629898013785326,0.0002368034781579058
PubchemFP475,475,-0.000267513972814537,0.0001130182229461425
PubchemFP452,452,-0.0002738506316472988,0.00029722250760656825
PubchemFP396,396,-0.00027842009170884194,0.00020206013849552026
PubchemFP388,388,-0.00028383487780995196,0.0002779404706464601
PubchemFP368,368,-0.00029012580911490503,0.0008148134235086126
PubchemFP447,447,-0.00029962421197999857,0.00024083716807564708
PubchemFP477,477,-0.0003027143076245187,0.0007107901132080339
PubchemFP352,352,-0.0003073424000094027,0.00042776976100165854
PubchemFP440,440,-0.0003093184722795628,0.0003397359333051182
PubchemFP115,115,-0.00032113756277216685,0.0006873649731342976
PubchemFP692,692,-0.0003463485747635997,0.00034847911589119834
PubchemFP800,800,-0.00035289061234757837,0.00038384598819545657
PubchemFP680,680,-0.0003567052853316932,0.0002328752835489834
PubchemFP734,734,-0.00037186556239068305,0.0014862568182936373
PubchemFP579,579,-0.00037916486537228347,0.0005874710733997114
PubchemFP637,637,-0.0003818773632622618,0.00022539780754705812
PubchemFP717,717,-0.00039893169957728737,0.0012839318818001443
PubchemFP467,467,-0.0004026701426632862,0.0003541660907505513
PubchemFP820,820,-0.0004086560039026077,0.0010824871932671198
PubchemFP702,702,-0.0004157605434209399,0.00041453765851762853
PubchemFP798,798,-0.00041924164220510376,0.00023606177986828904
PubchemFP345,345,-0.0004303738201326679,0.001708032287895532
PubchemFP21,21,-0.0004528891389437795,3.7086520727049435e-05
PubchemFP641,641,-0.0004836749907688676,0.00026352740176549923
PubchemFP405,405,-0.0004914689176861553,0.0003355196644543064
PubchemFP721,721,-0.0004949429599156785,0.00021516895203784137
PubchemFP359,359,-0.0004949521596033124,0.0002332623924736954
PubchemFP331,331,-0.0004954925794529053,0.000235831981514655
PubchemFP507,507,-0.0005130045992868037,0.0005862152589300146
PubchemFP619,619,-0.00051721910633854,0.00028483790197271415
PubchemFP145,145,-0.0005198540897457526,0.0010661615333118998
PubchemFP372,372,-0.0005230215268953176,0.0004993468196090135
PubchemFP418,418,-0.0005349055116462664,0.00015588221671081228
PubchemFP591,591,-0.0005589670624153942,0.000539099162704032
PubchemFP308,308,-0.0005753581413954212,0.0009161313797971314
PubchemFP759,759,-0.0005915654485034727,0.0012598731623085094
PubchemFP341,341,-0.0005950112813336905,0.0005147376141841497
PubchemFP614,614,-0.0006062525160495547,0.0008481577998414177
PubchemFP381,381,-0.0006286365778168324,0.00023821141236628934
PubchemFP378,378,-0.000673312732793574,0.00027901165431018304
PubchemFP716,716,-0.0007249153348848014,0.00048176496579361466
PubchemFP286,286,-0.000803268892943132,0.0005764510475160371
PubchemFP438,438,-0.0008653786674121978,0.00043970156495316885
PubchemFP435,435,-0.0010182751029325422,0.0009577619621452941
PubchemFP797,797,-0.0010994980107474684,0.0014463541592958393
PubchemFP681,681,-0.001104933274981046,0.0003524003534819994
PubchemFP334,334,-0.0011376186701380852,0.0006623410263374701
PubchemFP699,699,-0.001162168292533794,0.0019009747968699565
PubchemFP615,615,-0.0011870017515054898,0.0005095137994928745
PubchemFP782,782,-0.0011959893549174816,6.166893905179456e-05
PubchemFP431,431,-0.0012555172408410086,0.0009946867294903748
PubchemFP719,719,-0.001305924602620956,5.970510582345165e-05
PubchemFP683,683,-0.0015657568280023626,0.0023122625187701894
PubchemFP696,696,-0.0017322335191093164,0.002286597977942601
PubchemFP357,357,-0.0018238815567874211,0.000776594338503882
PubchemFP364,364,-0.0018552623516242984,0.00268917565600219
PubchemFP620,620,-0.001982344017436033,0.0017156891303238718
PubchemFP711,711,-0.0019910611311909853,0.0007254439836714863
PubchemFP697,697,-0.0020100554963395356,0.0015583101440365611
PubchemFP542,542,-0.0021479774597797487,0.0017613514616388768
PubchemFP186,186,-0.002636320111147572,0.0027605421931998155
PubchemFP839,839,-0.002671429660451774,0.0009286680319189
PubchemFP23,23,-0.0029419376992750436,0.0021885657141090063
PubchemFP632,632,-0.0031124365916474052,0.0017445332643369071
PubchemFP346,346,-0.0034006012941742323,0.0054435713796944125
PubchemFP713,713,-0.003517416539241258,0.0006325482525811926
PubchemFP182,182,-0.00357979798609398,0.00010256988733492735
PubchemFP776,776,-0.0036177595360616264,0.0008149201634668195
