feature,pubchem_bit,mean_abs_SHAP
PubchemFP385,385,0.2208110262196449
PubchemFP147,147,0.07332033800926513
PubchemFP712,712,0.07092493551281441
PubchemFP299,299,0.06739750039911997
PubchemFP420,420,0.062003615599687194
PubchemFP422,422,0.05794109137970554
PubchemFP192,192,0.05199673502882718
PubchemFP715,715,0.046303735153599285
PubchemFP778,778,0.04051230545829158
PubchemFP576,576,0.039489639315848535
PubchemFP667,667,0.03932714294542753
PubchemFP593,593,0.03381475207149118
PubchemFP184,184,0.03249257812208601
PubchemFP561,561,0.0323825007605731
PubchemFP24,24,0.02868445700728788
PubchemFP16,16,0.02765367011972027
PubchemFP193,193,0.027547582358323327
PubchemFP530,530,0.02541056428309385
PubchemFP259,259,0.022193071252013277
PubchemFP345,345,0.01979606970851488
PubchemFP609,609,0.018687236348514498
PubchemFP143,143,0.018085464007621194
PubchemFP468,468,0.01798507955426308
PubchemFP656,656,0.017826896852782007
PubchemFP20,20,0.016111212102521616
PubchemFP688,688,0.015956353794895278
PubchemFP483,483,0.014848745595163563
PubchemFP617,617,0.013635214739803714
PubchemFP500,500,0.012880990414369799
PubchemFP2,2,0.012157915681584919
PubchemFP399,399,0.01169844182824763
PubchemFP261,261,0.011409512592551997
PubchemFP539,539,0.01111103864890308
PubchemFP392,392,0.011070182584567127
PubchemFP181,181,0.011046164529124632
PubchemFP577,577,0.01046764553125775
PubchemFP614,614,0.01025833471894735
PubchemFP390,390,0.01015709199102838
PubchemFP738,738,0.010042057100411053
PubchemFP23,23,0.009890572807396487
PubchemFP300,300,0.009821861771686945
PubchemFP386,386,0.009506888355948245
PubchemFP37,37,0.00939942838063832
PubchemFP363,363,0.009141211077755857
PubchemFP305,305,0.008637782264347539
PubchemFP374,374,0.008238411677229171
PubchemFP346,346,0.00818473902534969
PubchemFP365,365,0.00791588324823608
PubchemFP515,515,0.007907114254080196
PubchemFP683,683,0.007675055038219288
PubchemFP696,696,0.0075890604062541465
PubchemFP335,335,0.007527027769208887
PubchemFP412,412,0.007472678382482315
PubchemFP338,338,0.007405269282875083
PubchemFP115,115,0.007274081154469642
PubchemFP186,186,0.006935418510947392
PubchemFP432,432,0.006766010886914254
PubchemFP153,153,0.00674581491312313
PubchemFP364,364,0.006700211712984608
PubchemFP13,13,0.0066789936574079166
PubchemFP443,443,0.0064987730789500394
PubchemFP447,447,0.0064344024794288045
PubchemFP116,116,0.006366073113384231
PubchemFP435,435,0.006332787761639223
PubchemFP820,820,0.006322290703508282
PubchemFP477,477,0.006315603336578621
PubchemFP14,14,0.0062895119836946884
PubchemFP180,180,0.006232910987725838
PubchemFP33,33,0.006188927036489379
PubchemFP516,516,0.006161064824871796
PubchemFP757,757,0.006151433218234564
PubchemFP493,493,0.006095479985741971
PubchemFP643,643,0.005766206318863486
PubchemFP612,612,0.005673624271246646
PubchemFP15,15,0.005580279229369837
PubchemFP459,459,0.005580122846738155
PubchemFP308,308,0.005492494268566735
PubchemFP523,523,0.005465116384164856
PubchemFP377,377,0.005373168870160027
PubchemFP357,357,0.0053618500442876235
PubchemFP503,503,0.005340237533716704
PubchemFP638,638,0.005315098653583944
PubchemFP600,600,0.005270801639363758
PubchemFP457,457,0.005256289063761172
PubchemFP646,646,0.005165253752504798
PubchemFP699,699,0.005047677257322814
PubchemFP146,146,0.005027636503426941
PubchemFP471,471,0.004886932728155098
PubchemFP621,621,0.004861558384678293
PubchemFP601,601,0.004782168212585394
PubchemFP540,540,0.004777862018713713
PubchemFP340,340,0.004726972525625862
PubchemFP507,507,0.004720803623496822
PubchemFP571,571,0.004670464935038591
PubchemFP682,682,0.0046645406240590995
PubchemFP144,144,0.004638559240182736
PubchemFP150,150,0.004570140541800264
PubchemFP586,586,0.004471294152991971
PubchemFP145,145,0.0044555409553141655
PubchemFP697,697,0.0044318899139660865
PubchemFP378,378,0.00440636031109133
PubchemFP623,623,0.004322996945395503
PubchemFP704,704,0.004314791517797057
PubchemFP535,535,0.004242260880681077
PubchemFP393,393,0.004234475650689017
PubchemFP256,256,0.004234348731791895
PubchemFP521,521,0.004229141247285531
PubchemFP622,622,0.004174820194901958
PubchemFP717,717,0.004156297484268978
PubchemFP467,467,0.004051150129182943
PubchemFP602,602,0.003978160534832855
PubchemFP391,391,0.003969782377117664
PubchemFP758,758,0.00396758084404686
PubchemFP734,734,0.003954204714974755
PubchemFP480,480,0.003898439997503224
PubchemFP437,437,0.003843333270804045
PubchemFP632,632,0.0037967249048625473
PubchemFP553,553,0.0037820007749769157
PubchemFP501,501,0.0036324012612116603
PubchemFP368,368,0.003629014605463318
PubchemFP496,496,0.0035389681253687635
PubchemFP776,776,0.0035179025188701663
PubchemFP366,366,0.0035103706317500755
PubchemFP414,414,0.0034965944085927816
PubchemFP349,349,0.003484106040474632
PubchemFP620,620,0.0034721901051954986
PubchemFP3,3,0.003443390821208252
PubchemFP550,550,0.003392986326436431
PubchemFP436,436,0.003382712356679522
PubchemFP342,342,0.0033747857672562637
PubchemFP445,445,0.0033366250430107323
PubchemFP698,698,0.00329812413810235
PubchemFP431,431,0.003286548289035877
PubchemFP518,518,0.0032741198696461305
PubchemFP672,672,0.0032263802635488815
PubchemFP12,12,0.003210820695758649
PubchemFP389,389,0.0031937105535023457
PubchemFP821,821,0.003191790993478292
PubchemFP536,536,0.0031744559885640727
PubchemFP631,631,0.003125552037359472
PubchemFP636,636,0.0031248056188312567
PubchemFP645,645,0.003088065922655985
PubchemFP421,421,0.0030338889978476866
PubchemFP362,362,0.0030319647904762663
PubchemFP199,199,0.003011978930274239
PubchemFP655,655,0.0029976481779778563
PubchemFP19,19,0.002946238054168575
PubchemFP465,465,0.002939639858060711
PubchemFP759,759,0.002833719874993796
PubchemFP619,619,0.0028169408480805845
PubchemFP148,148,0.0028090606126621944
PubchemFP30,30,0.0028068585485256712
PubchemFP713,713,0.0027452835986057677
PubchemFP388,388,0.002743600837121448
PubchemFP684,684,0.002737614084540065
PubchemFP38,38,0.002686067110128325
PubchemFP406,406,0.0026665057678180097
PubchemFP611,611,0.002651597015256109
PubchemFP671,671,0.0026455183819992885
PubchemFP545,545,0.002628576442939347
PubchemFP591,591,0.0026036580566830103
PubchemFP25,25,0.0025922364884327018
PubchemFP579,579,0.0025555407299110893
PubchemFP725,725,0.002533299841489527
PubchemFP590,590,0.0025301458055066333
PubchemFP341,341,0.002524616941825517
PubchemFP533,533,0.002466281469818885
PubchemFP542,542,0.0024226828793792836
PubchemFP372,372,0.0024210791127777013
PubchemFP737,737,0.002403333253651092
PubchemFP797,797,0.0024004290721338544
PubchemFP258,258,0.002400324031022197
PubchemFP592,592,0.0023406300319677342
PubchemFP692,692,0.0023098545706023432
PubchemFP659,659,0.0022535359916855927
PubchemFP149,149,0.002187881746747032
PubchemFP663,663,0.00218636014524668
PubchemFP375,375,0.002150642642136328
PubchemFP438,438,0.0021024135717095816
PubchemFP513,513,0.002067905977219963
PubchemFP710,710,0.002062942354642088
PubchemFP777,777,0.0020411606686335368
PubchemFP597,597,0.002037832210830767
PubchemFP641,641,0.002031715845360953
PubchemFP43,43,0.0020044537443649887
PubchemFP528,528,0.0019444602725658244
PubchemFP716,716,0.001941535970627805
PubchemFP707,707,0.0019161482135198525
PubchemFP714,714,0.0019057649583165172
PubchemFP532,532,0.0018978081945345187
PubchemFP330,330,0.0018640146483509443
PubchemFP554,554,0.001833934611185456
PubchemFP34,34,0.0018058327034817102
PubchemFP129,129,0.001798307822236136
PubchemFP339,339,0.0017951332430849462
PubchemFP615,615,0.0017906805055248381
PubchemFP721,721,0.0017707613782104955
PubchemFP675,675,0.001755466827221525
PubchemFP755,755,0.0017481167123307515
PubchemFP691,691,0.0017439552795980573
PubchemFP152,152,0.0017259374964334743
PubchemFP405,405,0.001720681083973593
PubchemFP658,658,0.0017190845139639765
PubchemFP327,327,0.0017180405663591097
PubchemFP519,519,0.001698366180565551
PubchemFP674,674,0.0016556071746525677
PubchemFP637,637,0.0016519708384689221
PubchemFP451,451,0.0016490213865861959
PubchemFP818,818,0.0016213156279080076
PubchemFP566,566,0.0016175783020087613
PubchemFP442,442,0.0016169285646600753
PubchemFP440,440,0.0016152125964352681
PubchemFP419,419,0.0016130223063579676
PubchemFP479,479,0.0016094673492977958
PubchemFP461,461,0.001586360212582356
PubchemFP548,548,0.0015727653244792346
PubchemFP573,573,0.001567167112781665
PubchemFP662,662,0.001561920756045215
PubchemFP286,286,0.0015530697956247523
PubchemFP379,379,0.00152212431762616
PubchemFP188,188,0.0015058655761134416
PubchemFP285,285,0.0015023773892599642
PubchemFP729,729,0.0014965053893292181
PubchemFP762,762,0.001496474682408712
PubchemFP555,555,0.0014822689230410903
PubchemFP639,639,0.0014714532905775021
PubchemFP439,439,0.0014584922935538661
PubchemFP534,534,0.0014431098722826022
PubchemFP569,569,0.0014402701991666758
PubchemFP380,380,0.0014245033054175631
PubchemFP376,376,0.0013997505372339363
PubchemFP417,417,0.0013694777598673284
PubchemFP654,654,0.0013683849803181713
PubchemFP358,358,0.0013664856642360305
PubchemFP580,580,0.001363144164841626
PubchemFP686,686,0.0013572544237519407
PubchemFP607,607,0.001349639651443641
PubchemFP352,352,0.001326444040197337
PubchemFP491,491,0.0013126834159731897
PubchemFP756,756,0.0013067565968030513
PubchemFP449,449,0.0013036537380486351
PubchemFP514,514,0.0013011662423939579
PubchemFP703,703,0.0012786157696832773
PubchemFP328,328,0.0012749113147599912
PubchemFP839,839,0.0012736705305691652
PubchemFP538,538,0.0012710882809032504
PubchemFP301,301,0.001266605570562885
PubchemFP517,517,0.0012632245578229522
PubchemFP676,676,0.0012600070524147844
PubchemFP568,568,0.0012582881967558488
PubchemFP460,460,0.0012524913594887561
PubchemFP567,567,0.001249683178778558
PubchemFP711,711,0.0012394800081024135
PubchemFP373,373,0.0012318716096371318
PubchemFP334,334,0.0012296031038651705
PubchemFP473,473,0.0012259671077792075
PubchemFP800,800,0.001212413047003685
PubchemFP46,46,0.0012112174854961876
PubchemFP492,492,0.0012018191323510611
PubchemFP504,504,0.001199386526996532
PubchemFP819,819,0.0011981149538193231
PubchemFP596,596,0.0011886521585985255
PubchemFP187,187,0.0011867805404616172
PubchemFP359,359,0.001186108685978867
PubchemFP502,502,0.0011734569008585562
PubchemFP466,466,0.0011722710871157358
PubchemFP353,353,0.0011697375310130097
PubchemFP383,383,0.0011463040186149092
PubchemFP397,397,0.0011298472045332343
PubchemFP546,546,0.0011279121457503855
PubchemFP588,588,0.0011231325051853428
PubchemFP798,798,0.0011134957526510452
PubchemFP681,681,0.0011087701665166367
PubchemFP574,574,0.001101512968069584
PubchemFP589,589,0.0010842603657190016
PubchemFP429,429,0.0010811303412984648
PubchemFP403,403,0.0010777391176636827
PubchemFP333,333,0.0010707836059289945
PubchemFP396,396,0.0010627871240937072
PubchemFP293,293,0.0010566625670069558
PubchemFP452,452,0.0010501517345100774
PubchemFP680,680,0.0010413325028428104
PubchemFP257,257,0.0010407890034557846
PubchemFP761,761,0.0010403372451258904
PubchemFP735,735,0.0010096255365083088
PubchemFP381,381,0.001001350218489935
PubchemFP118,118,0.001000421156222971
PubchemFP487,487,0.0009999037422528765
PubchemFP395,395,0.0009807930351774408
PubchemFP685,685,0.0009649274365010831
PubchemFP382,382,0.0009638017512017844
PubchemFP652,652,0.0009627456395028122
PubchemFP702,702,0.000955192582171006
PubchemFP708,708,0.0009530531655497933
PubchemFP494,494,0.0009485868621791588
PubchemFP693,693,0.0009416954427215492
PubchemFP450,450,0.0009378936599432208
PubchemFP651,651,0.0009306779140979209
PubchemFP489,489,0.0009180780245667783
PubchemFP629,629,0.0009138793771884703
PubchemFP647,647,0.0009081517933751778
PubchemFP746,746,0.0009054994850816911
PubchemFP476,476,0.0008954438309217501
PubchemFP559,559,0.0008952954548766849
PubchemFP185,185,0.0008891435956733953
PubchemFP625,625,0.0008836161137516783
PubchemFP331,331,0.0008825000282821348
PubchemFP551,551,0.0008819958431904116
PubchemFP594,594,0.0008809398559090402
PubchemFP508,508,0.0008717459102222754
PubchemFP709,709,0.0008461114184192028
PubchemFP194,194,0.0008447445264443655
PubchemFP630,630,0.0008240763814003559
PubchemFP200,200,0.0008145122014578872
PubchemFP453,453,0.000794172979094304
PubchemFP689,689,0.000786425036319085
PubchemFP604,604,0.0007846496301019634
PubchemFP565,565,0.000784002195156396
PubchemFP195,195,0.0007821342295695806
PubchemFP343,343,0.0007769440957400997
PubchemFP583,583,0.0007754580801770107
PubchemFP404,404,0.0007685053336553932
PubchemFP505,505,0.0007565102039473856
PubchemFP616,616,0.0007516816619118862
PubchemFP544,544,0.000742414427842444
PubchemFP475,475,0.0007289605865582607
PubchemFP585,585,0.0007245340268228633
PubchemFP613,613,0.0007210129648084231
PubchemFP764,764,0.0007198632530266325
PubchemFP495,495,0.0007058630411801239
PubchemFP531,531,0.000704400089250273
PubchemFP605,605,0.0006935882080373399
PubchemFP401,401,0.0006798027975023597
PubchemFP356,356,0.0006768366552021696
PubchemFP560,560,0.0006767547976199291
PubchemFP752,752,0.0006621791794013577
PubchemFP606,606,0.0006610780251746003
PubchemFP430,430,0.0006555179299116822
PubchemFP423,423,0.0006398566934051402
PubchemFP387,387,0.0006208023664105474
PubchemFP462,462,0.0006045381789327429
PubchemFP155,155,0.0006020252717765787
PubchemFP633,633,0.0006019033738978038
PubchemFP472,472,0.0005963328195021152
PubchemFP750,750,0.0005886122819405168
PubchemFP628,628,0.0005594746102036027
PubchemFP394,394,0.0005585703530812608
PubchemFP464,464,0.0005463662585763569
PubchemFP498,498,0.0005265238755771057
PubchemFP705,705,0.0005226033298602998
PubchemFP454,454,0.0005091179754254702
PubchemFP547,547,0.0005014820402070471
PubchemFP481,481,0.0004905099811823555
PubchemFP511,511,0.0004892304926414074
PubchemFP624,624,0.00048018397045086986
PubchemFP695,695,0.0004650314388558064
PubchemFP541,541,0.00046339496167438883
PubchemFP418,418,0.00045862997520201425
PubchemFP484,484,0.0004467163129547793
PubchemFP499,499,0.0004351788217578134
PubchemFP543,543,0.0004338268873588672
PubchemFP773,773,0.00043363354779203694
PubchemFP739,739,0.0004253870951542564
PubchemFP485,485,0.00041904053857904196
PubchemFP474,474,0.0004164075133312429
PubchemFP581,581,0.00040467648539976224
PubchemFP1,1,0.0003863508826425793
PubchemFP557,557,0.00038232620948164964
PubchemFP486,486,0.00038102723919995697
PubchemFP337,337,0.0003638611967113435
PubchemFP610,610,0.00036276627786530763
PubchemFP213,213,0.00036253152412470786
PubchemFP722,722,0.00035953910369318585
PubchemFP428,428,0.000358040824571963
PubchemFP409,409,0.00035791400861911836
PubchemFP575,575,0.0003557984186067902
PubchemFP18,18,0.00035483628145644336
PubchemFP526,526,0.0003522021981303945
PubchemFP549,549,0.0003434899732875448
PubchemFP179,179,0.00034207343831115216
PubchemFP669,669,0.000336227726451683
PubchemFP700,700,0.00033377427929733077
PubchemFP367,367,0.0003315538569758866
PubchemFP771,771,0.00032184031544439586
PubchemFP690,690,0.00032012383655942006
PubchemFP206,206,0.000309044997301173
PubchemFP824,824,0.00030710211461122114
PubchemFP718,718,0.0003035992260735753
PubchemFP21,21,0.000301705474586716
PubchemFP723,723,0.0002983729915055604
PubchemFP563,563,0.0002907418640857552
PubchemFP768,768,0.0002888755229756888
PubchemFP727,727,0.00028598411695306434
PubchemFP478,478,0.00027997716447316533
PubchemFP701,701,0.000279292891405186
PubchemFP719,719,0.00027453587181459454
PubchemFP860,860,0.00027268280335696906
PubchemFP182,182,0.00026377579429782483
PubchemFP562,562,0.00024802938503555843
PubchemFP653,653,0.0002459064966559404
PubchemFP728,728,0.00023449748239318973
PubchemFP782,782,0.0002302579825447821
PubchemFP183,183,0.00022675182753808162
PubchemFP751,751,0.00022552355567105226
PubchemFP694,694,0.0002213515025623393
PubchemFP730,730,0.00022104727068316448
PubchemFP736,736,0.0001960716128976337
PubchemFP413,413,0.0001960571443605818
PubchemFP463,463,0.00019425386192951124
PubchemFP497,497,0.0001843939238567389
PubchemFP749,749,0.00018285924665915011
PubchemFP763,763,0.00017765328874068143
PubchemFP650,650,0.0001715034671882699
PubchemFP863,863,0.00016162944561086756
PubchemFP44,44,0.00015620280895801782
PubchemFP742,742,0.00015420459690338557
PubchemFP635,635,0.00015390761849961969
PubchemFP791,791,0.00013830722845727307
PubchemFP599,599,0.00013226423054465335
PubchemFP329,329,0.000129716797042481
PubchemFP488,488,0.00012796202986540279
PubchemFP726,726,0.00012692082616898087
PubchemFP720,720,0.00011308311573420691
PubchemFP578,578,0.00010578663182026999
PubchemFP434,434,0.00010497560204604716
PubchemFP740,740,0.00010133037087727315
PubchemFP510,510,0.00010128544071496995
PubchemFP803,803,9.674986678247478e-05
PubchemFP458,458,9.632560069799556e-05
PubchemFP370,370,9.368937607051168e-05
PubchemFP760,760,8.581203640920559e-05
PubchemFP17,17,8.223988840686821e-05
PubchemFP524,524,7.697480859683902e-05
PubchemFP371,371,7.20600520550263e-05
PubchemFP679,679,7.16075013464787e-05
PubchemFP767,767,6.988162054558691e-05
PubchemFP255,255,6.766422551869071e-05
PubchemFP618,618,6.650402032268296e-05
PubchemFP743,743,6.287305336298332e-05
PubchemFP490,490,6.287058690229804e-05
PubchemFP582,582,6.082532563322979e-05
PubchemFP260,260,6.060435138022485e-05
PubchemFP640,640,5.956061938387331e-05
PubchemFP861,861,5.479510701042059e-05
PubchemFP347,347,5.412522988148365e-05
PubchemFP384,384,5.180763491578221e-05
PubchemFP22,22,4.936683816630003e-05
PubchemFP648,648,4.560656439767411e-05
PubchemFP178,178,4.5126306601095046e-05
PubchemFP634,634,3.9258618040786296e-05
PubchemFP706,706,3.503036037477793e-05
PubchemFP595,595,3.3002084090489326e-05
PubchemFP584,584,3.221228381650687e-05
PubchemFP470,470,3.145279769849524e-05
PubchemFP157,157,3.134088486655962e-05
PubchemFP765,765,2.956281431960919e-05
PubchemFP355,355,2.9274526622902253e-05
PubchemFP754,754,2.8886482360527363e-05
PubchemFP160,160,2.7395826077315908e-05
PubchemFP570,570,2.6504696142043207e-05
PubchemFP446,446,2.6286306794543558e-05
PubchemFP159,159,2.474878512203462e-05
PubchemFP687,687,2.4185288118304564e-05
PubchemFP164,164,2.3693708096065254e-05
PubchemFP122,122,2.182594745365701e-05
PubchemFP336,336,2.1392345622568344e-05
PubchemFP587,587,1.8941697462187777e-05
PubchemFP66,66,1.747006441220049e-05
PubchemFP248,248,1.7081231741535115e-05
PubchemFP770,770,1.4482774876135753e-05
PubchemFP416,416,1.3700544349790384e-05
PubchemFP207,207,1.297283297096923e-05
PubchemFP11,11,7.677455945045822e-06
PubchemFP753,753,6.671294491028803e-06
PubchemFP741,741,6.658154500761932e-06
PubchemFP731,731,6.452876574332332e-06
PubchemFP39,39,3.618749585943456e-06
PubchemFP47,47,1.2727267376653554e-06
PubchemFP332,332,1.205966712094528e-06
PubchemFP840,840,5.535988758324018e-07
PubchemFP6,6,1.1210167005870304e-07
