feature,pubchem_bit,mean_abs_SHAP,permutation_importance_mean,permutation_importance_std,definition
PubchemFP385,385,0.2208110262196449,0.18206860103000294,0.032029188561008226,C(:C)(:C)(:C)
PubchemFP147,147,0.07332033800926513,0.024612479762354023,0.01062232877469962,>= 1 unsaturated non-aromatic carbon-only ring size 5
PubchemFP712,712,0.07092493551281441,0.045209624013044444,0.009844782567472106,C-C(C)-C(C)-C
PubchemFP299,299,0.06739750039911997,0.021120537240655622,0.0027292347695786322,N-H
PubchemFP420,420,0.062003615599687194,0.016020974717001656,0.005394218133438161,C=O
PubchemFP422,422,0.05794109137970554,0.02444890079265124,0.005607675331662558,N=N
PubchemFP192,192,0.05199673502882718,0.037946660787667154,0.0065564734432145555,>= 3 any ring size 6
PubchemFP715,715,0.046303735153599285,0.011745571133110644,0.003640893507486,Cc1ccc(S)cc1
PubchemFP778,778,0.04051230545829158,0.00971791057842455,0.0028103076825152853,CC1CCC(S)CC1
PubchemFP576,576,0.039489639315848535,0.015032913880207865,0.003737057667149866,N=C-C:C-[#1]
PubchemFP667,667,0.03932714294542753,0.013296216758809164,0.008632749109251098,C=C-C-O-[#1]
PubchemFP593,593,0.03381475207149118,0.007635632253009073,0.0017862165917370324,N-C-C-C-N
PubchemFP184,184,0.03249257812208601,0.0036477371169484907,0.004009612895753378,>= 1 unsaturated non-aromatic heteroatom-containing ring size 6
PubchemFP561,561,0.0323825007605731,0.03211586251772678,0.012176449752364425,Cl-C-C=O
PubchemFP24,24,0.02868445700728788,0.01135574618939188,0.004952490880372661,>= 2 F
PubchemFP16,16,0.02765367011972027,0.01218075028748663,0.004221812531924347,>= 4 N
PubchemFP193,193,0.027547582358323327,0.023631738912288314,0.003507984002947072,>= 3 saturated or aromatic carbon-only ring size 6
PubchemFP530,530,0.02541056428309385,0.007645753254612786,0.003597214239895507,N:C-C:C
PubchemFP259,259,0.022193071252013277,0.0033142809771931512,0.0022495226811645687,>= 3 aromatic rings
PubchemFP345,345,0.01979606970851488,-0.0004303738201326679,0.001708032287895532,C(~C)(~H)(~N)
PubchemFP609,609,0.018687236348514498,0.004019365761177063,0.0004999480832923113,Cl-C-C-N-C
PubchemFP143,143,0.018085464007621194,0.0019718723639697623,0.0022184211127176563,>= 1 any ring size 5
PubchemFP468,468,0.01798507955426308,0.0068576608143427475,0.0022997326478305844,O=S-C-N
PubchemFP656,656,0.017826896852782007,0.005740019356919368,0.005672411299385262,C-C-N-C-C
PubchemFP20,20,0.016111212102521616,0.002546593319622015,0.004967693853779494,>= 4 O
PubchemFP688,688,0.015956353794895278,0.024136321307275842,0.006847143755427211,C-C-C-C-C-C-C
PubchemFP483,483,0.014848745595163563,0.0017180543859335097,0.0019589414186034645,N-S-C:C
PubchemFP617,617,0.013635214739803714,0.003880773231590429,0.0031114561666569503,C-C-C-O-[#1]
PubchemFP500,500,0.012880990414369799,0.004192825035683611,0.0016385101104408088,C-S-C:C
PubchemFP2,2,0.012157915681584919,0.0003512305391131676,0.004436992662222286,>= 16 H
PubchemFP399,399,0.01169844182824763,0.019830781627396987,0.0016204751876576404,N(~H)(:C)
PubchemFP261,261,0.011409512592551997,0.006333041839138987,0.0013169525096422081,>= 4 aromatic rings
PubchemFP539,539,0.01111103864890308,0.002866518000833096,0.0016085935100516222,N=C-C-[#1]
PubchemFP392,392,0.011070182584567127,0.000279645484472657,0.0010067049247734184,N(~C)(~C)(~H)
PubchemFP181,181,0.011046164529124632,-0.00021281695041961424,0.002078258302669522,>= 1 saturated or aromatic heteroatom-containing ring size 6
PubchemFP577,577,0.01046764553125775,0.00031432398138199203,0.0030672392106849845,C:C-N-C:C
PubchemFP614,614,0.01025833471894735,-0.0006062525160495547,0.0008481577998414177,C-C-O-C-C
PubchemFP390,390,0.01015709199102838,0.0003834820109440584,0.0009373226149216328,N(~C)(~C)
PubchemFP738,738,0.010042057100411053,0.0018927463814989664,0.0007603185174429564,Cc1cc(Cl)ccc1
PubchemFP23,23,0.009890572807396487,-0.0029419376992750436,0.0021885657141090063,>= 1 F
PubchemFP300,300,0.009821861771686945,0.001854518536330807,0.0012833068360915277,N-N
PubchemFP386,386,0.009506888355948245,0.002131862257044681,0.001059334761932619,C(:C)(:C)(:N)
PubchemFP37,37,0.00939942838063832,0.0006385195718967118,0.0005668746763934931,>= 1 Cl
PubchemFP363,363,0.009141211077755857,0.00414972640639053,0.0035298969298072176,C(~F)(~F)
PubchemFP305,305,0.008637782264347539,0.0003085257346129744,0.0016209880244337897,N-S
PubchemFP374,374,0.008238411677229171,0.0027130716350538655,0.0009687891412939535,C(~H)(~H)(~H)
PubchemFP346,346,0.00818473902534969,-0.0034006012941742323,0.0054435713796944125,C(~C)(~H)(~O)
PubchemFP365,365,0.00791588324823608,-0.0001025024737499769,0.0006884031461818442,C(~H)(~N)
PubchemFP515,515,0.007907114254080196,0.0011318466617792565,0.0010667374173866497,N-N-C-C
PubchemFP683,683,0.007675055038219288,-0.0015657568280023626,0.0023122625187701894,N-C-C-C-C-C
PubchemFP696,696,0.0075890604062541465,-0.0017322335191093164,0.002286597977942601,C-C-C-C-C-C-C-C
PubchemFP335,335,0.007527027769208887,0.0005274234051824145,0.0008080583128584014,C(~C)(~C)(~C)(~H)
PubchemFP412,412,0.007472678382482315,0.0007379171781608962,0.0005667896506002088,S(~C)(~C)
PubchemFP338,338,0.007405269282875083,0.0029784856310319683,0.0008858663391136266,C(~C)(~C)(~H)(~N)
PubchemFP115,115,0.007274081154469642,-0.00032113756277216685,0.0006873649731342976,>= 1 any ring size 3
PubchemFP186,186,0.006935418510947392,-0.002636320111147572,0.0027605421931998155,>= 2 saturated or aromatic carbon-only ring size 6
PubchemFP432,432,0.006766010886914254,0.0009036776916987122,0.0009736738173227233,C(-C)(-C)(=O)
PubchemFP153,153,0.00674581491312313,0.0024558383142989195,0.0013919014501314806,>= 2 saturated or aromatic heteroatom-containing ring size 5
PubchemFP364,364,0.006700211712984608,-0.0018552623516242984,0.00268917565600219,C(~F)(:C)
PubchemFP13,13,0.0066789936574079166,0.0030231493022501166,0.0011921968479690803,>= 32 C
PubchemFP443,443,0.0064987730789500394,0.00030736407757968597,0.0005472154771518675,C(-C)(=O)
PubchemFP447,447,0.0064344024794288045,-0.00029962421197999857,0.00024083716807564708,C(-H)(=N)
PubchemFP116,116,0.006366073113384231,-0.00018003075740680163,0.0006670188469973721,>= 1 saturated or aromatic carbon-only ring size 3
PubchemFP435,435,0.006332787761639223,-0.0010182751029325422,0.0009577619621452941,C(-C)(-H)(=N)
PubchemFP820,820,0.006322290703508282,-0.0004086560039026077,0.0010824871932671198,CC1C(S)CCCC1
PubchemFP477,477,0.006315603336578621,-0.0003027143076245187,0.0007107901132080339,N-N-C:C
PubchemFP14,14,0.0062895119836946884,0.003283279890127766,0.00042180599081738954,>= 1 N
PubchemFP180,180,0.006232910987725838,0.00010377188538830406,0.0007623667571426529,>= 1 saturated or aromatic nitrogen-containing ring size 6
PubchemFP33,33,0.006188927036489379,0.00502851810014372,0.0015239586587859424,>= 1 S
PubchemFP516,516,0.006161064824871796,0.0035420060191366566,0.0012116124900970614,[#1]-C=C-[#1]
PubchemFP757,757,0.006151433218234564,3.0729181248856374e-05,0.0011659383604101208,Cc1c(S)cccc1
PubchemFP493,493,0.006095479985741971,0.00032764883365278276,0.0014292044746107885,O=C-C:C
PubchemFP643,643,0.005766206318863486,0.00017226617190350125,0.0007180428912053704,[#1]-C-C-N-[#1]
PubchemFP612,612,0.005673624271246646,-8.075117885253391e-05,0.001129226827125824,N-C-O-C-C
PubchemFP15,15,0.005580279229369837,0.0013710766796519059,0.0012365986545140426,>= 2 N
PubchemFP459,459,0.005580122846738155,0.0013885972771791265,0.0008393781956285131,S(=O)(=O)
PubchemFP308,308,0.005492494268566735,-0.0005753581413954212,0.0009161313797971314,O-H
PubchemFP523,523,0.005465116384164856,0.0006741824252587847,0.0006573974622994257,N:C:C-C
PubchemFP377,377,0.005373168870160027,0.001785489195649248,0.0010741587616730063,C(~N)(:C)(:C)
PubchemFP357,357,0.0053618500442876235,-0.0018238815567874211,0.000776594338503882,C(~C)(:C)(:N)
PubchemFP503,503,0.005340237533716704,0.0006395836818021916,0.0008584517483681487,Cl-C:C-[#1]
PubchemFP638,638,0.005315098653583944,0.00016053786360646914,0.0010619249873278656,O-C-C-C-N
PubchemFP600,600,0.005270801639363758,0.00044822637586187095,0.0007034525981699971,N-C:C:C-C
PubchemFP457,457,0.005256289063761172,0.00105556274259615,0.0005581795107620913,S(-C)(=O)
PubchemFP646,646,0.005165253752504798,0.00093109688361942,0.0009233652933750213,O=C-N-C-[#1]
PubchemFP699,699,0.005047677257322814,-0.001162168292533794,0.0019009747968699565,O-C-C-C-C-C(C)-C
PubchemFP146,146,0.005027636503426941,-0.0002281463807129902,0.0006662214141850781,>= 1 saturated or aromatic heteroatom-containing ring size 5
PubchemFP471,471,0.004886932728155098,0.00037212138925841743,0.0010797802432577558,S:C:C:C
PubchemFP621,621,0.004861558384678293,0.0014565887381600584,0.0004142436670837001,N-C:C:C:N
PubchemFP601,601,0.004782168212585394,0.001571319260759285,0.0005502624701404023,N-C:C:C-N
PubchemFP540,540,0.004777862018713713,0.0012274770710519523,0.0008355029473644894,C-N-C-[#1]
PubchemFP340,340,0.004726972525625862,0.0006890266684381307,0.0007340670460455076,C(~C)(~C)(~N)
PubchemFP507,507,0.004720803623496822,-0.0005130045992868037,0.0005862152589300146,C-C-S-C
PubchemFP571,571,0.004670464935038591,0.005564887496712934,0.000803955905436341,[#1]-C-O-[#1]
PubchemFP682,682,0.0046645406240590995,0.0038919123904334386,0.003284678288416464,O-C-C-C-C-N
PubchemFP144,144,0.004638559240182736,0.00016303526526650902,0.0008235803467202643,>= 1 saturated or aromatic carbon-only ring size 5
PubchemFP150,150,0.004570140541800264,0.0006542132924374333,0.000280958734597166,>= 2 any ring size 5
PubchemFP586,586,0.004471294152991971,0.0012561791872232719,0.0007564108212370245,C-S-C-C-C
PubchemFP145,145,0.0044555409553141655,-0.0005198540897457526,0.0010661615333118998,>= 1 saturated or aromatic nitrogen-containing ring size 5
PubchemFP697,697,0.0044318899139660865,-0.0020100554963395356,0.0015583101440365611,C-C-C-C-C-C(C)-C
PubchemFP378,378,0.00440636031109133,-0.000673312732793574,0.00027901165431018304,C(~N)(:C)(:N)
PubchemFP623,623,0.004322996945395503,0.00032419227210876976,0.001002970317191665,O=C-C:C-C
PubchemFP704,704,0.004314791517797057,5.064949329600665e-05,0.0008520381152919414,O=C-C-C-C-C-C-C
PubchemFP535,535,0.004242260880681077,1.6807792149409196e-06,0.0004695864243720538,O=C-C-C
PubchemFP393,393,0.004234475650689017,0.0015083762871162976,0.0006620079745501962,N(~C)(~H)
PubchemFP256,256,0.004234348731791895,1.505396652444757e-05,0.0008641129396317103,>= 1 hetero-aromatic ring
PubchemFP521,521,0.004229141247285531,0.00011762924542914055,0.0005458288416076302,C:N-C-[#1]
PubchemFP622,622,0.004174820194901958,0.0014602201058425911,0.0007967470513730864,O=C-O-C:C
PubchemFP717,717,0.004156297484268978,-0.00039893169957728737,0.0012839318818001443,Cc1ccc(Cl)cc1
PubchemFP467,467,0.004051150129182943,-0.0004026701426632862,0.0003541660907505513,C=N-N-C
PubchemFP602,602,0.003978160534832855,-3.686024234345053e-05,0.00041341962602317416,O=C-C-N-C
PubchemFP391,391,0.003969782377117664,0.0004419375915847068,0.0011493145914600392,N(~C)(~C)(~C)
PubchemFP758,758,0.00396758084404686,0.002772554001948668,0.0013523635963005177,Cc1c(N)cccc1
PubchemFP734,734,0.003954204714974755,-0.00037186556239068305,0.0014862568182936373,Cc1cc(C)ccc1
PubchemFP480,480,0.003898439997503224,0.0012774786276702477,0.0004404646798429931,C:S:C-C
PubchemFP437,437,0.003843333270804045,-2.2010323697840838e-05,0.0008137783498556558,C(-C)(-N)(=C)
PubchemFP632,632,0.0037967249048625473,-0.0031124365916474052,0.0017445332643369071,C-C-O-C:C
PubchemFP553,553,0.0037820007749769157,0.0018679613415544915,0.0015550479914418,O=C-C=C
PubchemFP501,501,0.0036324012612116603,-0.0001724336776657842,0.000374932010997386,Cl-C:C-C
PubchemFP368,368,0.003629014605463318,-0.00029012580911490503,0.0008148134235086126,C(~H)(~S)
PubchemFP496,496,0.0035389681253687635,0.0009864144669719742,0.0008066471495249911,N:N-C-[#1]
PubchemFP776,776,0.0035179025188701663,-0.0036177595360616264,0.0008149201634668195,CC1CCC(C)CC1
PubchemFP366,366,0.0035103706317500755,0.0005922049664007667,0.0007700914101128615,C(~H)(~O)
PubchemFP414,414,0.0034965944085927816,0.0006090943271872318,0.0004267038041874915,S(~C)(~O)
PubchemFP349,349,0.003484106040474632,0.005925034023504039,0.0015711741304244664,C(~C)(~H)(~S)
PubchemFP620,620,0.0034721901051954986,-0.001982344017436033,0.0017156891303238718,C:C-O-C-C
PubchemFP3,3,0.003443390821208252,-0.00015297474994605543,0.0005368832923830653,>= 32 H
PubchemFP550,550,0.003392986326436431,-5.2735118504287914e-05,0.0003599650834262237,Cl-C-C-C
PubchemFP436,436,0.003382712356679522,0.0006449560052292247,0.0014717380224679025,C(-C)(-H)(=O)
PubchemFP342,342,0.0033747857672562637,0.000288269170174138,0.00033622830630245377,C(~C)(~Cl)
PubchemFP445,445,0.0033366250430107323,-1.7685544968959466e-05,0.0003528274738843166,C(-H)(-N)(=C)
PubchemFP698,698,0.00329812413810235,0.002868863717092196,0.0018306668295795924,O-C-C-C-C-C-C-C
PubchemFP431,431,0.003286548289035877,-0.0012555172408410086,0.0009946867294903748,C(-C)(-C)(=N)
PubchemFP518,518,0.0032741198696461305,-8.573640314273323e-05,0.0003414521440635238,O=C-N-N
PubchemFP672,672,0.0032263802635488815,0.000118977894132688,0.00036378469895533895,O=C-C=C-[#1]
PubchemFP12,12,0.003210820695758649,0.00019971967795300304,0.0009991008607629847,>= 16 C
PubchemFP389,389,0.0031937105535023457,0.0008951241084452111,0.0001219970461908497,C(:N)(:N)
PubchemFP821,821,0.003191790993478292,-0.00021208421448749571,0.0007836174092223287,CC1C(N)CCCC1
PubchemFP536,536,0.0031744559885640727,0.000678806736535853,0.0007545777071614865,O=C-C-N
PubchemFP631,631,0.003125552037359472,0.0009649969588894303,0.0002018289964394952,O-C:C-O-[#1]
PubchemFP636,636,0.0031248056188312567,0.0012056810726317146,0.0005792906708380123,C-N-C-N-C
PubchemFP645,645,0.003088065922655985,0.00025691171069917027,0.0001423481467420245,O=C-N-C-C
PubchemFP421,421,0.0030338889978476866,0.0012168533664405957,0.000458535982098991,C=S
PubchemFP362,362,0.0030319647904762663,0.0005212175232288229,0.0002586536132663147,C(~Cl)(:C)
PubchemFP199,199,0.003011978930274239,3.363218852238114e-05,0.0003191451282300393,>= 4 any ring size 6
PubchemFP655,655,0.0029976481779778563,-0.00021953727169858882,0.00033531621937921754,O-C-C-C:C
PubchemFP19,19,0.002946238054168575,-2.609113231741844e-05,0.0009952567746706652,>= 2 O
PubchemFP465,465,0.002939639858060711,0.0005161187680808755,0.0005296013439208705,O=S-C-C
PubchemFP759,759,0.002833719874993796,-0.0005915654485034727,0.0012598731623085094,Cc1c(Cl)cccc1
PubchemFP619,619,0.0028169408480805845,-0.00051721910633854,0.00028483790197271415,O-C-C=C-C
PubchemFP148,148,0.0028090606126621944,0.0006592290262119272,0.000606716943765119,>= 1 unsaturated non-aromatic nitrogen-containing ring size 5
PubchemFP30,30,0.0028068585485256712,5.3313452460357344e-05,3.1111176734110075e-05,>= 1 P
PubchemFP713,713,0.0027452835986057677,-0.003517416539241258,0.0006325482525811926,Cc1ccc(C)cc1
PubchemFP388,388,0.002743600837121448,-0.00028383487780995196,0.0002779404706464601,C(:C)(:N)(:N)
PubchemFP684,684,0.002737614084540065,3.476266445262555e-05,0.00021555780300758256,O=C-C-C-C-C
PubchemFP38,38,0.002686067110128325,0.0017337355510366637,0.0009388859932241203,>= 2 Cl
PubchemFP406,406,0.0026665057678180097,0.0006628293440809286,0.0010986055372881462,O(~C)(~H)
PubchemFP611,611,0.002651597015256109,-2.644252536301295e-05,0.00014782163175615067,N-C-C-N-C
PubchemFP671,671,0.0026455183819992885,0.00024501856914903585,0.0005208740297025235,O=C-C=C-C
PubchemFP545,545,0.002628576442939347,5.343717490156052e-05,0.00020761060778161058,N-C:C-C
PubchemFP591,591,0.0026036580566830103,-0.0005589670624153942,0.000539099162704032,Cl-C-C-C-C
PubchemFP25,25,0.0025922364884327018,0.00307243220356751,0.00043513538563378593,>= 4 F
PubchemFP579,579,0.0025555407299110893,-0.00037916486537228347,0.0005874710733997114,O=C-C-C-C
PubchemFP725,725,0.002533299841489527,0.0021611149091349978,0.0006598676686484872,Sc1ccc(N)cc1
PubchemFP590,590,0.0025301458055066333,0.0007896867688041209,0.0005783478142304645,C-C:C-O-[#1]
PubchemFP341,341,0.002524616941825517,-0.0005950112813336905,0.0005147376141841497,C(~C)(~C)(~O)
PubchemFP533,533,0.002466281469818885,0.0019484904445725038,0.0009313410313345495,S-C:C-N
PubchemFP542,542,0.0024226828793792836,-0.0021479774597797487,0.0017613514616388768,O-C:C-[#1]
PubchemFP372,372,0.0024210791127777013,-0.0005230215268953176,0.0004993468196090135,C(~H)(:C)(:N)
PubchemFP737,737,0.002403333253651092,0.00019469712249396974,0.0006074600253755977,Cc1cc(N)ccc1
PubchemFP797,797,0.0024004290721338544,-0.0010994980107474684,0.0014463541592958393,CC1CC(C)CCC1
PubchemFP258,258,0.002400324031022197,0.00017767187842074872,0.0004868326813095915,>= 2 hetero-aromatic rings
PubchemFP592,592,0.0023406300319677342,0.0024674393991367394,0.0012991947626321144,N-C-C-C-C
PubchemFP692,692,0.0023098545706023432,-0.0003463485747635997,0.00034847911589119834,O=C-C-C-C-C-C
PubchemFP659,659,0.0022535359916855927,0.0002985357662078192,0.0005118343381655028,O-C-C-N-C
PubchemFP149,149,0.002187881746747032,0.0002583443061907609,0.0007548538449080533,>= 1 unsaturated non-aromatic heteroatom-containing ring size 5
PubchemFP663,663,0.00218636014524668,0.002696360134530029,0.0006465512970819041,O-C-C-O-[#1]
PubchemFP375,375,0.002150642642136328,0.0008170247562075738,0.00015321311267904152,C(~N)(~N)
PubchemFP438,438,0.0021024135717095816,-0.0008653786674121978,0.00043970156495316885,C(-C)(-N)(=N)
PubchemFP513,513,0.002067905977219963,0.0012495707068651773,0.0005565657836842959,S:C:C-[#1]
PubchemFP710,710,0.002062942354642088,0.0010185042469136873,0.0005182111309228065,C-C-C(C)-C-C
PubchemFP777,777,0.0020411606686335368,0.0007321275389547855,0.0005228885325822086,CC1CCC(O)CC1
PubchemFP597,597,0.002037832210830767,0.0004957136010148688,0.0005925961535018354,O=C-C-C:C
PubchemFP641,641,0.002031715845360953,-0.0004836749907688676,0.00026352740176549923,O-C-C-C=C
PubchemFP43,43,0.0020044537443649887,0.0002478039610293803,0.00025711703909024126,>= 1 Br
PubchemFP528,528,0.0019444602725658244,0.0005661466618822053,0.0003269205336297646,[#1]-N-C-[#1]
PubchemFP716,716,0.001941535970627805,-0.0007249153348848014,0.00048176496579361466,Cc1ccc(N)cc1
PubchemFP707,707,0.0019161482135198525,0.00011954393812846353,0.00038207456218559526,O=C-C-C-C-C(N)-C
PubchemFP714,714,0.0019057649583165172,0.0006353552263863804,0.0007016802855475405,Cc1ccc(O)cc1
PubchemFP532,532,0.0018978081945345187,9.955504058397623e-05,0.00033994463699699385,S-C:C-[#1]
PubchemFP330,330,0.0018640146483509443,0.0001609734570438448,0.0001902618160256049,C(~Br)(:C)
PubchemFP554,554,0.001833934611185456,0.00021296399489968422,0.00023299112916163182,Br-C-C-C
PubchemFP34,34,0.0018058327034817102,-5.137222762349181e-05,0.0004835826391128796,>= 2 S
PubchemFP129,129,0.001798307822236136,8.587584515449276e-05,3.2948215018996684e-05,>= 1 any ring size 4
PubchemFP339,339,0.0017951332430849462,0.0009824946689366509,0.0003315965256217859,C(~C)(~C)(~H)(~O)
PubchemFP615,615,0.0017906805055248381,-0.0011870017515054898,0.0005095137994928745,N-C-C-O-C
PubchemFP721,721,0.0017707613782104955,-0.0004949429599156785,0.00021516895203784137,Oc1ccc(N)cc1
PubchemFP675,675,0.001755466827221525,0.00012151280707493051,0.00017826678971344473,Br-C-C-C:C
PubchemFP755,755,0.0017481167123307515,2.929340540328562e-05,0.0005001971365872571,Cc1c(C)cccc1
PubchemFP691,691,0.0017439552795980573,-0.00010139293191792076,0.0004088095023046352,O-C-C-C-C-C-N
PubchemFP152,152,0.0017259374964334743,0.00025957240759487686,0.00013751641561331535,>= 2 saturated or aromatic nitrogen-containing ring size 5
PubchemFP405,405,0.001720681083973593,-0.0004914689176861553,0.0003355196644543064,O(~C)(~C)
PubchemFP658,658,0.0017190845139639765,-0.00026278051167638594,0.00037345809012107175,C-C-S-C-C
PubchemFP327,327,0.0017180405663591097,0.00018052222387032746,0.00029941721560269554,C(~Br)(~C)
PubchemFP519,519,0.001698366180565551,0.0011445022674476224,0.00015625221485114822,N=C-N-C
PubchemFP674,674,0.0016556071746525677,0.00034748715733938783,0.00015839977506806134,N-C-N-C:C
PubchemFP637,637,0.0016519708384689221,-0.0003818773632622618,0.00022539780754705812,O-C-C-C-C
PubchemFP451,451,0.0016490213865861959,4.236156602622776e-05,0.0004841456754649569,C(-N)(=O)
PubchemFP818,818,0.0016213156279080076,-1.1618909886634832e-05,0.0006570426133228035,CC1C(C)CCCC1
PubchemFP566,566,0.0016175783020087613,-0.00017163341919625985,0.0004527783413230419,O-C-C-N
PubchemFP442,442,0.0016169285646600753,0.0005456114163920889,0.0004053267027793405,C(-C)(=N)
PubchemFP440,440,0.0016152125964352681,-0.0003093184722795628,0.0003397359333051182,C(-C)(-O)(=O)
PubchemFP419,419,0.0016130223063579676,0.0001259121508496497,0.00015794298146099836,C#N
PubchemFP479,479,0.0016094673492977958,0.00027600256521612685,8.171829447598676e-05,S-C-S-C
PubchemFP461,461,0.001586360212582356,0.0004168450806872448,0.0003965595750000321,O-C-C=N
PubchemFP548,548,0.0015727653244792346,-0.00016768824188734266,0.0001700529050518062,O-C-C:C
PubchemFP573,573,0.001567167112781665,-8.83863878827107e-05,0.00034897824094262165,O-C-C=C
PubchemFP662,662,0.001561920756045215,0.000647419114689085,0.00020432109815563435,O-C-C-O-C
PubchemFP286,286,0.0015530697956247523,-0.000803268892943132,0.0005764510475160371,C-O
PubchemFP379,379,0.00152212431762616,0.0010671517062743273,0.0001733761391093891,C(~N)(:N)
PubchemFP188,188,0.0015058655761134416,0.000197030613503546,0.00047451772664508783,>= 2 saturated or aromatic heteroatom-containing ring size 6
PubchemFP285,285,0.0015023773892599642,0.0004978420668537153,0.00022470000345265967,C-N
PubchemFP729,729,0.0014965053893292181,0.0010939997848705475,0.0005696181409237042,Nc1ccc(Cl)cc1
PubchemFP762,762,0.001496474682408712,5.290348561077795e-05,1.5370023514703243e-05,Oc1c(S)cccc1
PubchemFP555,555,0.0014822689230410903,0.0001046482017471817,0.0003664572993009567,N=C-C=C
PubchemFP639,639,0.0014714532905775021,0.0012179605050204989,0.001416010339042934,O-C-C-C-O
PubchemFP439,439,0.0014584922935538661,0.00014335382865080515,0.0003769614438639441,C(-C)(-N)(=O)
PubchemFP534,534,0.0014431098722826022,0.0003037839547007204,4.3598049176526077e-05,S-C:C-O
PubchemFP569,569,0.0014402701991666758,-8.64539669554798e-05,0.0002313094260434393,N-C-C-N
PubchemFP380,380,0.0014245033054175631,4.108086200032002e-05,0.00048000628959554324,C(~O)(~O)
PubchemFP376,376,0.0013997505372339363,2.5974628376157493e-05,0.0001256149034157959,C(~N)(:C)
PubchemFP417,417,0.0013694777598673284,0.0006989756460880181,0.0002469096628889618,C#C
PubchemFP654,654,0.0013683849803181713,0.00023093131803425537,0.00018379734504844056,N-C-N-C-C
PubchemFP358,358,0.0013664856642360305,0.00025888079338380886,0.00022391995219069608,C(~C)(:N)
PubchemFP580,580,0.001363144164841626,4.4820569352810315e-05,0.0003159789890699855,O=C-C-C-N
PubchemFP686,686,0.0013572544237519407,-0.0002507073772729185,0.00013182345482478858,O=C-C-C-C-O
PubchemFP607,607,0.001349639651443641,-0.00010476548469610104,0.00014821249068082873,N-C-C-C:C
PubchemFP352,352,0.001326444040197337,-0.0003073424000094027,0.00042776976100165854,C(~C)(~O)
PubchemFP491,491,0.0013126834159731897,-8.945116615832749e-05,0.00023370476294672072,C-N:C-[#1]
PubchemFP756,756,0.0013067565968030513,5.144066194359143e-05,0.0004215272319943777,Cc1c(O)cccc1
PubchemFP449,449,0.0013036537380486351,-9.24069886727108e-05,0.00016088022989184644,C(-N)(=C)
PubchemFP514,514,0.0013011662423939579,-4.797898788092558e-05,0.0003459546544178699,O-N-C-C
PubchemFP703,703,0.0012786157696832773,-0.00022861875387316654,0.00022674858754197498,O-C-C-C-C-C(N)-C
PubchemFP328,328,0.0012749113147599912,4.780125414434177e-05,0.00013278223384694286,C(~Br)(~C)(~C)
PubchemFP839,839,0.0012736705305691652,-0.002671429660451774,0.0009286680319189,CC1CC(C)CC1
PubchemFP538,538,0.0012710882809032504,0.00027366890572734227,0.00034906701093011206,N=C-C-C
PubchemFP301,301,0.001266605570562885,-4.763266519446363e-05,0.00039050794108018997,N-O
PubchemFP517,517,0.0012632245578229522,3.304563540738048e-05,8.135470945495813e-05,N-N-C-N
PubchemFP676,676,0.0012600070524147844,0.0002785892054045336,5.7660850230136275e-05,N#C-C-C-C
PubchemFP568,568,0.0012582881967558488,2.7030299276087355e-05,7.968416268204644e-05,N#C-C-C
PubchemFP460,460,0.0012524913594887561,0.00026591461075402555,0.0001016831869458804,C-C-C#C
PubchemFP567,567,0.001249683178778558,0.000740979129773256,0.00017037622124898842,O-C-C-O
PubchemFP711,711,0.0012394800081024135,-0.0019910611311909853,0.0007254439836714863,C-C(C)(C)-C-C
PubchemFP373,373,0.0012318716096371318,-0.00013163195896648272,0.00016688905265730154,C(~H)(:N)
PubchemFP334,334,0.0012296031038651705,-0.0011376186701380852,0.0006623410263374701,C(~C)(~C)(~C)(~C)
PubchemFP473,473,0.0012259671077792075,1.8393534690941403e-05,0.0002656117693413477,S-C:N:C
PubchemFP800,800,0.001212413047003685,-0.00035289061234757837,0.00038384598819545657,CC1CC(N)CCC1
PubchemFP46,46,0.0012112174854961876,9.778360225287664e-06,5.608478718843054e-05,>= 1 I
PubchemFP492,492,0.0012018191323510611,0.00021071508714285426,0.00012105411751706689,N-C:O:C
PubchemFP504,504,0.001199386526996532,0.0007114594650358463,0.00011991825697074248,N:C:N-C
PubchemFP819,819,0.0011981149538193231,8.846263109891783e-05,0.0004935980502311043,CC1C(O)CCCC1
PubchemFP596,596,0.0011886521585985255,0.0007896725870359056,7.72720730149596e-05,N=C-N-C-C
PubchemFP187,187,0.0011867805404616172,0.00012746713075267868,0.00014159058241611046,>= 2 saturated or aromatic nitrogen-containing ring size 6
PubchemFP359,359,0.001186108685978867,-0.0004949521596033124,0.0002332623924736954,C(~C)(:N)(:N)
PubchemFP502,502,0.0011734569008585562,-9.644080425176282e-05,0.0003528354004718205,N-C=C-[#1]
PubchemFP466,466,0.0011722710871157358,0.0001427673993505074,0.0001894095980487354,N#C-C=C
PubchemFP353,353,0.0011697375310130097,0.00046763976002783814,0.00021688588069845171,C(~C)(~S)
PubchemFP383,383,0.0011463040186149092,-8.417845154891079e-05,0.00026009847238354797,C(~S)(:C)
PubchemFP397,397,0.0011298472045332343,-9.059305454804934e-05,0.0002071567880898271,N(~C)(:C)(:C)
PubchemFP546,546,0.0011279121457503855,5.307704832160365e-05,0.0003785388091822748,N-C:C-[#1]
PubchemFP588,588,0.0011231325051853428,-0.0001947578166896058,0.00015284138104080508,O=C-C-C=O
PubchemFP798,798,0.0011134957526510452,-0.00041924164220510376,0.00023606177986828904,CC1CC(O)CCC1
PubchemFP681,681,0.0011087701665166367,-0.001104933274981046,0.0003524003534819994,O-C-C-C-C-O
PubchemFP574,574,0.001101512968069584,-0.0002629898013785326,0.0002368034781579058,O-C-C:C-C
PubchemFP589,589,0.0010842603657190016,-0.0001472072503114763,0.0001527045318710208,C-C:C-O-C
PubchemFP429,429,0.0010811303412984648,-1.4475318048212671e-05,8.485362593479564e-05,C(#N)(-C)
PubchemFP403,403,0.0010777391176636827,-1.3782252580618604e-05,0.00016099809562954888,N(:C)(:C)
PubchemFP333,333,0.0010707836059289945,0.00049299440589049,8.104260336176085e-05,C(~C)(~C)(~C)
PubchemFP396,396,0.0010627871240937072,-0.00027842009170884194,0.00020206013849552026,N(~C)(:C)
PubchemFP293,293,0.0010566625670069558,0.0002572660943494509,0.00031161164203834365,C-S
PubchemFP452,452,0.0010501517345100774,-0.0002738506316472988,0.00029722250760656825,C(-O)(=O)
PubchemFP680,680,0.0010413325028428104,-0.0003567052853316932,0.0002328752835489834,O-C-C-C-C-C
PubchemFP257,257,0.0010407890034557846,-0.00022300599477339533,0.00034342272045408514,>= 2 aromatic rings
PubchemFP761,761,0.0010403372451258904,0.0004248226608682515,0.00015910775390733624,Oc1c(O)cccc1
PubchemFP735,735,0.0010096255365083088,-0.00014077717635765374,0.0003099112972887031,Cc1cc(O)ccc1
PubchemFP381,381,0.001001350218489935,-0.0006286365778168324,0.00023821141236628934,C(~O)(:C)
PubchemFP118,118,0.001000421156222971,2.2204460492503132e-17,6.66133814775094e-17,>= 1 saturated or aromatic heteroatom-containing ring size 3
PubchemFP487,487,0.0009999037422528765,0.00028162934814475183,0.0002957479253538512,N-C=N-C
PubchemFP395,395,0.0009807930351774408,8.776015476869015e-05,0.00028769681580005196,N(~C)(~O)
PubchemFP685,685,0.0009649274365010831,0.0002482840571691902,0.00044199425681999954,O=C-C-C-C-N
PubchemFP382,382,0.0009638017512017844,7.19666451501344e-05,0.00017228586499517604,C(~O)(:C)(:C)
PubchemFP652,652,0.0009627456395028122,6.298052699343915e-05,0.0004438293922304068,O-C:C:C-N
PubchemFP702,702,0.000955192582171006,-0.0004157605434209399,0.00041453765851762853,O-C-C-C-C-C-N-C
PubchemFP708,708,0.0009530531655497933,0.0005325210837484939,5.5515270715699396e-05,C-C(C)-C-C
PubchemFP494,494,0.0009485868621791588,0.0001722540326184241,0.00030968395134319004,O=C-C:N
PubchemFP693,693,0.0009416954427215492,-3.492232428550235e-05,0.0001371018344089441,O=C-C-C-C-C-O
PubchemFP450,450,0.0009378936599432208,0.000638805913445395,0.0001129697542107722,C(-N)(=N)
PubchemFP651,651,0.0009306779140979209,-0.000154432488552958,0.00013019828337669534,O-C:C:C-C
PubchemFP489,489,0.0009180780245667783,-0.00020536620710343012,6.662719467716809e-05,N-C-S-C
PubchemFP629,629,0.0009138793771884703,-0.00020251459033870933,0.0002703606462919578,S-C:C:C-N
PubchemFP647,647,0.0009081517933751778,0.00017391392769107173,0.0002585605334827285,O=C-N-C-N
PubchemFP746,746,0.0009054994850816911,-9.60631904101894e-05,5.1115444370151516e-05,Sc1cc(N)ccc1
PubchemFP476,476,0.0008954438309217501,8.005527800736267e-05,0.00016978729736011035,C-O-C=C
PubchemFP559,559,0.0008952954548766849,-0.0002330631068557243,5.7234371537291785e-05,O-C-N-[#1]
PubchemFP185,185,0.0008891435956733953,3.297960724621962e-05,0.0002664603813854548,>= 2 any ring size 6
PubchemFP625,625,0.0008836161137516783,4.70582653781193e-05,0.00013016686617243103,O=C-C:C-O
PubchemFP331,331,0.0008825000282821348,-0.0004954925794529053,0.000235831981514655,C(~Br)(:N)
PubchemFP551,551,0.0008819958431904116,0.0003738414016499658,0.00021227306645058957,Cl-C-C-O
PubchemFP594,594,0.0008809398559090402,-0.00010447324082599741,0.0002945455344342016,C-O-C-C=C
PubchemFP508,508,0.0008717459102222754,0.00017956414846718172,0.00019596570826247952,S=C-N-C
PubchemFP709,709,0.0008461114184192028,0.00015577823652634937,0.00017578475497050103,C-C(C)-C-C-C
PubchemFP194,194,0.0008447445264443655,0.00018986115665813318,6.94639670186724e-06,>= 3 saturated or aromatic nitrogen-containing ring size 6
PubchemFP630,630,0.0008240763814003559,0.00014963905785402297,2.9233278143839472e-05,O-C:C-O-C
PubchemFP200,200,0.0008145122014578872,-1.4184700569663811e-05,6.673708145679679e-05,>= 4 saturated or aromatic carbon-only ring size 6
PubchemFP453,453,0.000794172979094304,-3.49536204822809e-05,0.00020401924960020446,N(-C)(=C)
PubchemFP689,689,0.000786425036319085,-0.00019784781439387001,0.00021829677629360425,O-C-C-C-C-C-C
PubchemFP604,604,0.0007846496301019634,-0.00017874321247840497,0.00021156488390049806,C-O-C-C:C
PubchemFP565,565,0.000784002195156396,0.00018351561610768785,0.00016175778578153975,C:C-O-C
PubchemFP195,195,0.0007821342295695806,0.0003703288781792824,1.103128152673358e-05,>= 3 saturated or aromatic heteroatom-containing ring size 6
PubchemFP343,343,0.0007769440957400997,0.0001953148764178625,3.1502554736976645e-06,C(~C)(~Cl)(~H)
PubchemFP583,583,0.0007754580801770107,0.00021088643050126699,0.0001504074095606034,Cl-C:C-O-C
PubchemFP404,404,0.0007685053336553932,0.0002509328356930185,0.00017068542298038762,N(:C)(:C)(:C)
PubchemFP505,505,0.0007565102039473856,0.00029021375494558965,0.00021005232365403474,Cl-C:C-O
PubchemFP616,616,0.0007516816619118862,0.0008099492930382146,0.00018132889289623663,C:C:N:N:C
PubchemFP544,544,0.000742414427842444,0.0001921778909940941,8.233439017150492e-05,O-C:C-O
PubchemFP475,475,0.0007289605865582607,-0.000267513972814537,0.0001130182229461425,S-C=N-C
PubchemFP585,585,0.0007245340268228633,0.00030710452994127114,0.00027329958517975135,C-C:C-N-C
PubchemFP613,613,0.0007210129648084231,-0.00022131861919775231,0.0003712925287481438,C-N-C-C-C
PubchemFP764,764,0.0007198632530266325,0.000366119606415527,9.184719406065182e-05,Oc1c(Cl)cccc1
PubchemFP495,495,0.0007058630411801239,0.00016623724749538217,0.0001214187479512462,C-N-C:C
PubchemFP531,531,0.000704400089250273,0.00015855956308724606,0.00023922622700276185,S-C:C-C
PubchemFP605,605,0.0006935882080373399,0.00018971833420072803,5.487922095359056e-05,O=C-C-O-C
PubchemFP401,401,0.0006798027975023597,-1.0524144185075635e-05,0.00010469990081788846,N(~O)(~O)
PubchemFP356,356,0.0006768366552021696,0.00016986759371336868,3.686756441973882e-05,C(~C)(:C)(:C)
PubchemFP560,560,0.0006767547976199291,0.00044517300073363406,0.00018560176107999558,N-C-N-C
PubchemFP752,752,0.0006621791794013577,-0.00021566444566183395,0.00013071940950311998,Clc1cc(Cl)ccc1
PubchemFP606,606,0.0006610780251746003,-3.038065719832561e-05,5.68415383884293e-05,O-C:C-C-C
PubchemFP430,430,0.0006555179299116822,0.000364744053770083,7.536201141320063e-05,C(-C)(-C)(=C)
PubchemFP423,423,0.0006398566934051402,3.7002373198757876e-05,8.989706155308206e-05,N=O
PubchemFP387,387,0.0006208023664105474,0.00024306053672478177,0.0002475594070539761,C(:C)(:N)
PubchemFP462,462,0.0006045381789327429,0.0003492610768090265,3.432935173504545e-05,O-C-C=O
PubchemFP155,155,0.0006020252717765787,8.489130496494023e-05,2.259784230218084e-05,>= 2 unsaturated non-aromatic nitrogen-containing ring size 5
PubchemFP633,633,0.0006019033738978038,-0.00012142828354567703,5.3873558060760117e-05,N-C-C:C-C
PubchemFP472,472,0.0005963328195021152,8.658197089442821e-05,0.0002238887658061063,C:N:C-C
PubchemFP750,750,0.0005886122819405168,8.36137851431551e-05,8.998857223448711e-05,Nc1cc(Cl)ccc1
PubchemFP628,628,0.0005594746102036027,1.5187827993490278e-05,0.00017020910589399593,C-N-C-C:C
PubchemFP394,394,0.0005585703530812608,-9.196519870479092e-05,0.00012924384468402425,N(~C)(~H)(~N)
PubchemFP464,464,0.0005463662585763569,-0.00011687449667799888,0.00020731780920010568,N-C-C=C
PubchemFP498,498,0.0005265238755771057,-9.070912981021806e-05,0.00021527691707727114,O-C=C-C
PubchemFP705,705,0.0005226033298602998,7.928110977749592e-05,0.00010574681138213336,O=C-C-C-C-C(O)-C
PubchemFP454,454,0.0005091179754254702,-5.616028076194102e-05,0.00014116717826423178,N(-C)(=O)
PubchemFP547,547,0.0005014820402070471,2.101161949101815e-05,5.522551898901645e-05,N-C:C-N
PubchemFP481,481,0.0004905099811823555,6.661338147750939e-17,1.4217791915866693e-16,O-S-C:C
PubchemFP511,511,0.0004892304926414074,-1.919593848304091e-05,4.542615947649689e-05,S=C-N-[#1]
PubchemFP624,624,0.00048018397045086986,-2.687517925853422e-05,0.00015910109199387964,O=C-C:C-N
PubchemFP695,695,0.0004650314388558064,5.4449268395351245e-05,0.0001632711446408427,O=C-C-C-C-C-N
PubchemFP541,541,0.00046339496167438883,-5.437203935643176e-06,6.843375298975375e-05,O-C:C-C
PubchemFP418,418,0.00045862997520201425,-0.0005349055116462664,0.00015588221671081228,C=N
PubchemFP484,484,0.0004467163129547793,0.0005530776004466387,0.00012091451304041185,N-C:N:C
PubchemFP499,499,0.0004351788217578134,0.0001720305466757499,8.81007955636784e-05,N-C:C:N
PubchemFP543,543,0.0004338268873588672,-0.00014830991247942736,4.768692493546995e-05,O-C:C-N
PubchemFP773,773,0.00043363354779203694,0.00014042163086464,3.136507961070029e-05,Clc1c(Cl)cccc1
PubchemFP739,739,0.0004253870951542564,5.7961190294619766e-05,3.704246724599056e-05,Cc1cc(Br)ccc1
PubchemFP485,485,0.00041904053857904196,-0.00023362697227889971,6.364330979807211e-05,N:C:C:N
PubchemFP474,474,0.0004164075133312429,0.00018991471102332015,8.192753877447552e-05,S:C:C:N
PubchemFP581,581,0.00040467648539976224,-0.0001886165877573287,6.780862441647718e-05,O=C-C-C-O
PubchemFP1,1,0.0003863508826425793,-5.143042565639577e-05,5.220335630363595e-05,>= 8 H
PubchemFP557,557,0.00038232620948164964,2.0961374863170956e-05,2.8203927344110946e-05,N:C-O-[#1]
PubchemFP486,486,0.00038102723919995697,6.497725065941484e-05,4.5649383943223503e-05,N-C:N:N
PubchemFP337,337,0.0003638611967113435,1.4461973288448782e-05,0.0002115827100150111,C(~C)(~C)(~C)(~O)
PubchemFP610,610,0.00036276627786530763,9.938056301936893e-05,9.308518654055978e-05,C-O-C-O-C
PubchemFP213,213,0.00036253152412470786,2.2204460492503132e-17,6.66133814775094e-17,>= 1 any ring size 7
PubchemFP722,722,0.00035953910369318585,-0.00010781588627023497,5.9852568794895206e-05,Oc1ccc(Cl)cc1
PubchemFP428,428,0.000358040824571963,4.4408920985006264e-17,8.881784197001254e-17,C(#C)(-H)
PubchemFP409,409,0.00035791400861911836,-8.271242756296982e-06,7.152374595188467e-05,O(:C)(:C)
PubchemFP575,575,0.0003557984186067902,0.0005024733024044936,7.697000821484467e-05,O-C-C:C-O
PubchemFP18,18,0.00035483628145644336,1.516185939429704e-05,5.771407044020129e-05,>= 1 O
PubchemFP526,526,0.0003522021981303945,0.00012329341295229667,5.963414164352374e-05,Cl-C:C-Cl
PubchemFP549,549,0.0003434899732875448,-3.768767434159104e-05,8.571447488611707e-05,N-C-C:C
PubchemFP179,179,0.00034207343831115216,-4.6062216217079845e-05,0.00018057618964529795,>= 1 saturated or aromatic carbon-only ring size 6
PubchemFP669,669,0.000336227726451683,1.2725973395655288e-05,3.066593858451066e-05,Cl-C:C-C=O
PubchemFP700,700,0.00033377427929733077,0.00026427071717392,6.242524449299096e-05,O-C-C-C-C-C-O-C
PubchemFP367,367,0.0003315538569758866,0.00027644414864422815,5.366090469867687e-05,C(~H)(~O)(~O)
PubchemFP771,771,0.00032184031544439586,-6.389484222588671e-05,5.58523664219484e-05,Nc1c(Cl)cccc1
PubchemFP690,690,0.00032012383655942006,5.99662602594031e-05,7.21544388732399e-05,O-C-C-C-C-C-O
PubchemFP206,206,0.000309044997301173,2.1079518890232406e-05,4.8525395719816596e-05,>= 5 any ring size 6
PubchemFP824,824,0.00030710211461122114,4.590482404123186e-05,3.830887295557909e-05,OC1C(O)CCCC1
PubchemFP718,718,0.0003035992260735753,7.161121767169653e-05,0.00017154424576162804,Cc1ccc(Br)cc1
PubchemFP21,21,0.000301705474586716,-0.0004528891389437795,3.7086520727049435e-05,>= 8 O
PubchemFP723,723,0.0002983729915055604,2.9938972422838274e-05,3.339992294446423e-05,Oc1ccc(Br)cc1
PubchemFP563,563,0.0002907418640857552,0.00020327500069398097,5.6568147836751336e-05,O-C-O-C
PubchemFP768,768,0.0002888755229756888,0.0,0.0,Sc1c(Cl)cccc1
PubchemFP727,727,0.00028598411695306434,3.53750577568257e-05,5.572860377287374e-05,Sc1ccc(Br)cc1
PubchemFP478,478,0.00027997716447316533,2.2204460492503132e-17,6.66133814775094e-17,S-C=N-[#1]
PubchemFP701,701,0.000279292891405186,2.9322717532187514e-05,4.6220642580930775e-05,O-C-C-C-C-C(O)-C
PubchemFP719,719,0.00027453587181459454,-0.001305924602620956,5.970510582345165e-05,Oc1ccc(O)cc1
PubchemFP860,860,0.00027268280335696906,6.014780859934232e-05,2.0395330099108787e-05,CC1C(C)CCC1
PubchemFP182,182,0.00026377579429782483,-0.00357979798609398,0.00010256988733492735,>= 1 unsaturated non-aromatic carbon-only ring size 6
PubchemFP562,562,0.00024802938503555843,-2.200712754807377e-06,6.6021382645701605e-06,Br-C-C=O
PubchemFP653,653,0.0002459064966559404,2.0095199118408404e-05,3.290621540607015e-05,O-C:C:C-O
PubchemFP728,728,0.00023449748239318973,3.2829167182668595e-05,1.8054151500909552e-05,Nc1ccc(N)cc1
PubchemFP782,782,0.0002302579825447821,-0.0011959893549174816,6.166893905179456e-05,OC1CCC(O)CC1
PubchemFP183,183,0.00022675182753808162,2.2204460492503132e-17,6.66133814775094e-17,>= 1 unsaturated non-aromatic nitrogen-containing ring size 6
PubchemFP751,751,0.00022552355567105226,4.4408920985006264e-17,8.881784197001254e-17,Nc1cc(Br)ccc1
PubchemFP694,694,0.0002213515025623393,-2.603467941793003e-05,2.976865373607117e-05,O=C-C-C-C-C=O
PubchemFP730,730,0.00022104727068316448,3.378820226564994e-05,3.484438109716675e-05,Nc1ccc(Br)cc1
PubchemFP736,736,0.0001960716128976337,-2.0797527104920998e-05,2.3566406438440345e-05,Cc1cc(S)ccc1
PubchemFP413,413,0.0001960571443605818,5.05087734813392e-06,3.0076261603764734e-05,S(~C)(~H)
PubchemFP463,463,0.00019425386192951124,-9.233954397125377e-06,3.3306690745647866e-17,N:C-S-[#1]
PubchemFP497,497,0.0001843939238567389,2.6703288182328144e-06,4.7126984083524144e-05,O-C:C:N
PubchemFP749,749,0.00018285924665915011,-6.71863291698438e-05,9.741651831243892e-06,Nc1cc(N)ccc1
PubchemFP763,763,0.00017765328874068143,0.0001450122191218317,2.7452221046241333e-05,Oc1c(N)cccc1
PubchemFP650,650,0.0001715034671882699,-1.1674750174206493e-05,6.683618856142965e-05,O=C-N-C=O
PubchemFP863,863,0.00016162944561086756,6.661338147750939e-17,1.0175362097255201e-16,CC1C(N)CCC1
PubchemFP44,44,0.00015620280895801782,-1.5846125267082735e-05,3.94334533634753e-05,>= 2 Br
PubchemFP742,742,0.00015420459690338557,6.737427144738461e-05,1.073832106484375e-05,Oc1cc(N)ccc1
PubchemFP635,635,0.00015390761849961969,-1.4617258068760908e-05,1.2804457976040554e-05,N-N-C-N-[#1]
PubchemFP791,791,0.00013830722845727307,5.790396349500959e-05,2.2839130651871808e-05,NC1CCC(N)CC1
PubchemFP599,599,0.00013226423054465335,1.768276711865413e-05,9.529639771814446e-06,[#1]-C-C=C-[#1]
PubchemFP329,329,0.000129716797042481,-1.2378350655228853e-05,5.641150441929958e-06,C(~Br)(~H)
PubchemFP488,488,0.00012796202986540279,7.732961256468051e-06,2.0481040391496713e-05,N-C=N-[#1]
PubchemFP726,726,0.00012692082616898087,8.64899385943918e-07,4.891625724334032e-06,Sc1ccc(Cl)cc1
PubchemFP720,720,0.00011308311573420691,4.4408920985006264e-17,8.881784197001254e-17,Oc1ccc(S)cc1
PubchemFP578,578,0.00010578663182026999,-2.4869420652806616e-05,1.4390334183039327e-05,C-C:C-C:C
PubchemFP434,434,0.00010497560204604716,-1.7704928122919128e-05,4.050949066901594e-06,C(-C)(-H)(=C)
PubchemFP740,740,0.00010133037087727315,0.00018891020253546386,2.2361016250194185e-05,Oc1cc(O)ccc1
PubchemFP510,510,0.00010128544071496995,-7.903108984400609e-05,7.537558717572612e-05,[#1]-N-N-[#1]
PubchemFP803,803,9.674986678247478e-05,-4.883372847162004e-05,1.136452593657794e-05,OC1CC(O)CCC1
PubchemFP458,458,9.632560069799556e-05,4.4408920985006264e-17,8.881784197001254e-17,S(-O)(=O)
PubchemFP370,370,9.368937607051168e-05,4.51026372525476e-06,2.1646357111653663e-05,C(~H)(:C)
PubchemFP760,760,8.581203640920559e-05,7.29705082770371e-06,9.864515148779283e-06,Cc1c(Br)cccc1
PubchemFP17,17,8.223988840686821e-05,3.365455768012948e-05,1.9578416502994957e-05,>= 8 N
PubchemFP524,524,7.697480859683902e-05,-2.9102927896262897e-06,1.8604432538907857e-06,C-C=C-C
PubchemFP371,371,7.20600520550263e-05,6.072195022631677e-05,2.265040156651806e-05,C(~H)(:C)(:C)
PubchemFP679,679,7.16075013464787e-05,1.15352549295622e-05,8.892911682011798e-05,C-C-C-C-C-C
PubchemFP767,767,6.988162054558691e-05,8.077606018996874e-06,2.466429106135842e-05,Sc1c(N)cccc1
PubchemFP255,255,6.766422551869071e-05,-4.019302771443023e-05,1.3669037329182906e-05,>= 1 aromatic ring
PubchemFP618,618,6.650402032268296e-05,-2.620001008309947e-05,8.632873937052224e-06,C:C-C-C:C
PubchemFP743,743,6.287305336298332e-05,8.881784197001253e-17,1.0877919644084146e-16,Oc1cc(Cl)ccc1
PubchemFP490,490,6.287058690229804e-05,-9.977764825697123e-07,5.990925991114561e-07,C-C-C=C
PubchemFP582,582,6.082532563322979e-05,4.017843025724277e-05,1.563226971720095e-05,C-C-C-C-C
PubchemFP260,260,6.060435138022485e-05,-1.0034670402037094e-05,1.4298272382513598e-05,>= 3 hetero-aromatic rings
PubchemFP640,640,5.956061938387331e-05,3.100287825812398e-05,4.021036250869287e-05,C=C-C-C-C
PubchemFP861,861,5.479510701042059e-05,-7.934178447577267e-09,1.3307614224839932e-06,CC1C(O)CCC1
PubchemFP347,347,5.412522988148365e-05,5.649733228720866e-05,1.2234941532749557e-05,C(~C)(~H)(~O)(~O)
PubchemFP384,384,5.180763491578221e-05,-2.223386253873416e-05,2.814240909260559e-05,C(:C)(:C)
PubchemFP22,22,4.936683816630003e-05,0.00010797721654943748,1.986505692147157e-06,>= 16 O
PubchemFP648,648,4.560656439767411e-05,-4.2762405361163046e-08,1.2828721608348916e-07,O=N-C:C-N
PubchemFP178,178,4.5126306601095046e-05,-2.9689338869931525e-05,1.1349919172390573e-05,>= 1 any ring size 6
PubchemFP634,634,3.9258618040786296e-05,-2.0397018083539996e-06,1.8341681454393593e-06,C-C-C:C-C
PubchemFP706,706,3.503036037477793e-05,3.4089064016473715e-06,7.80816453339821e-06,O=C-C-C-C-C(=O)-C
PubchemFP595,595,3.3002084090489326e-05,4.457127392198945e-05,1.3667467001335722e-05,C:C-C-C-C
PubchemFP584,584,3.221228381650687e-05,2.2162604800146646e-05,9.217468979759676e-06,C:C-C=C-C
PubchemFP470,470,3.145279769849524e-05,2.4211578965060988e-05,7.325940730151018e-06,C:C-C=C
PubchemFP157,157,3.134088486655962e-05,1.8247509483426683e-07,4.151343980443473e-06,>= 3 any ring size 5
PubchemFP765,765,2.956281431960919e-05,-3.4566889103970764e-06,2.048093844109932e-06,Oc1c(Br)cccc1
PubchemFP355,355,2.9274526622902253e-05,1.3677667110079117e-05,2.567546932754818e-06,C(~C)(:C)
PubchemFP754,754,2.8886482360527363e-05,-1.1199279866036526e-06,5.629350506371663e-07,Brc1cc(Br)ccc1
PubchemFP160,160,2.7395826077315908e-05,-1.0006997715583666e-06,2.371597515975521e-06,>= 3 saturated or aromatic heteroatom-containing ring size 5
PubchemFP570,570,2.6504696142043207e-05,1.4776665728155613e-05,9.37146506431477e-06,C:C-C-C
PubchemFP446,446,2.6286306794543558e-05,-1.7280340147696194e-06,3.719392417900091e-06,C(-H)(=C)
PubchemFP159,159,2.474878512203462e-05,4.4408920985006264e-17,8.881784197001254e-17,>= 3 saturated or aromatic nitrogen-containing ring size 5
PubchemFP687,687,2.4185288118304564e-05,-3.273292644223602e-06,3.532545402862297e-08,O=C-C-C-C=O
PubchemFP164,164,2.3693708096065254e-05,2.2204460492503132e-17,6.66133814775094e-17,>= 4 any ring size 5
PubchemFP122,122,2.182594745365701e-05,2.2204460492503132e-17,6.66133814775094e-17,>= 2 any ring size 3
PubchemFP336,336,2.1392345622568344e-05,4.4408920985006264e-17,8.881784197001254e-17,C(~C)(~C)(~C)(~N)
PubchemFP587,587,1.8941697462187777e-05,-5.170866071879665e-07,5.978733960283317e-17,N-C:C-O-[#1]
PubchemFP66,66,1.747006441220049e-05,-6.487599922833098e-07,6.00003123111629e-08,>= 1 Se
PubchemFP248,248,1.7081231741535115e-05,0.0,0.0,>= 1 any ring size 10
PubchemFP770,770,1.4482774876135753e-05,4.4408920985006264e-17,8.881784197001254e-17,Nc1c(N)cccc1
PubchemFP416,416,1.3700544349790384e-05,4.4408920985006264e-17,8.881784197001254e-17,C=C
PubchemFP207,207,1.297283297096923e-05,6.661338147750939e-17,1.0175362097255204e-16,>= 5 saturated or aromatic carbon-only ring size 6
PubchemFP11,11,7.677455945045822e-06,4.4408920985006264e-17,8.881784197001254e-17,>= 8 C
PubchemFP753,753,6.671294491028803e-06,6.661338147750939e-17,1.0175362097255204e-16,Clc1cc(Br)ccc1
PubchemFP741,741,6.658154500761932e-06,2.2204460492503132e-17,6.66133814775094e-17,Oc1cc(S)ccc1
PubchemFP731,731,6.452876574332332e-06,8.881784197001253e-17,1.0877919644084148e-16,Clc1ccc(Cl)cc1
PubchemFP39,39,3.618749585943456e-06,6.661338147750939e-17,1.0175362097255201e-16,>= 4 Cl
PubchemFP47,47,1.2727267376653554e-06,8.881784197001253e-17,1.0877919644084148e-16,>= 2 I
PubchemFP332,332,1.205966712094528e-06,0.0,0.0,C(~C)(~C)
PubchemFP840,840,5.535988758324018e-07,2.2204460492503132e-17,6.66133814775094e-17,CC1CC(O)CC1
PubchemFP6,6,1.1210167005870304e-07,6.661338147750939e-17,1.0175362097255201e-16,>= 1 B
