Descriptor,Model,Train_R2,Train_RMSE,Train_MAE,Test_R2,Test_RMSE,Test_MAE,Overfit_gap
pubchem,DecisionTree,0.9665038523505912,0.2293954390325645,0.06847796296238215,0.3788911850362051,1.0068862954486395,0.6489543260535131,0.5876126673143861
pubchem,RandomForest,0.9279727959988923,0.336384228727256,0.22513409191443948,0.6528944952869798,0.7527093900780332,0.5273657221889049,0.2750783007119124
pubchem,GradientBoosting,0.7589584567929826,0.6153657168083555,0.45912530367411564,0.6202734672900914,0.7872851417884452,0.588948759573477,0.1386849895028912
morgan,DecisionTree,0.9838797440017956,0.15913778716038582,0.027889584447511554,0.33479987608158535,1.0420120567358797,0.7165339139126455,0.6490798679202102
morgan,RandomForest,0.9379957004621731,0.3121032208057333,0.2098309245730229,0.6358473126269744,0.7709715335771512,0.5295366845218866,0.3021483878351987
morgan,GradientBoosting,0.7989756693872541,0.5619680952574431,0.43613366030640466,0.6119953857522027,0.795820328322959,0.5786787297433041,0.18698028363505137
rdkit,DecisionTree,0.9879124065941759,0.13780255477093678,0.0174769585233245,0.3347370588550269,1.042061256036846,0.6948909619159942,0.653175347739149
rdkit,RandomForest,0.94033090125496,0.30616961406395227,0.2138960874207903,0.6209553356082913,0.7865779670749867,0.55619315264435,0.3193755656466687
rdkit,GradientBoosting,0.873868558882914,0.4451424651523091,0.3397841236016979,0.6379120310734336,0.7687827512008459,0.5683157093704959,0.2359565278094804
